StockCode,Description
10002,"<ArrowStringArray>
['INFLATABLE POLITICAL GLOBE', nan]
Length: 2, dtype: str"
10080,"<ArrowStringArray>
['GROOVY CACTUS INFLATABLE', nan, 'CHECK']
Length: 3, dtype: str"
15030,"<ArrowStringArray>
['FAN BLACK FRAME', nan]
Length: 2, dtype: str"
15058A,"<ArrowStringArray>
['BLUE POLKADOT GARDEN PARASOL', nan]
Length: 2, dtype: str"
15060B,"<ArrowStringArray>
['FAIRY CAKE DESIGN UMBRELLA', nan]
Length: 2, dtype: str"
16015,"<ArrowStringArray>
['MEDIUM CHINESE STYLE SCISSOR', nan]
Length: 2, dtype: str"
16033,"<ArrowStringArray>
['MINI HIGHLIGHTER PENS', nan]
Length: 2, dtype: str"
16046,"<ArrowStringArray>
['TEATIME PEN CASE & PENS', nan]
Length: 2, dtype: str"
16049,"<ArrowStringArray>
['TEATIME GEL PENS ASST', nan]
Length: 2, dtype: str"
16156L,"<ArrowStringArray>
['WRAP, CAROUSEL', 'WRAP CAROUSEL']
Length: 2, dtype: str"
16162L,"<ArrowStringArray>
['THE KING GIFT BAG', nan]
Length: 2, dtype: str"
16162M,"<ArrowStringArray>
['ALAN HODGE CANT MAMAGE THIS SECTION', 'THE KING GIFT BAG 25X24X12CM']
Length: 2, dtype: str"
16168M,"<ArrowStringArray>
['FUNKY MONKEY GIFT BAG MEDIUM', 'FOUND']
Length: 2, dtype: str"
16207A,"<ArrowStringArray>
['PINK STRAWBERRY HANDBAG', 'CHECK', nan]
Length: 3, dtype: str"
16207B,"<ArrowStringArray>
['PINK HEART RED HANDBAG', nan]
Length: 2, dtype: str"
16248B,"<ArrowStringArray>
['BLUE HOLE PUNCH', nan]
Length: 2, dtype: str"
17012F,"<ArrowStringArray>
['ORIGAMI SANDLEWOOD INCENSE/CAND SET', 'CHECK']
Length: 2, dtype: str"
17014A,"<ArrowStringArray>
['ORIGAMI VANILLA INCENSE CONES', nan]
Length: 2, dtype: str"
17091A,"<ArrowStringArray>
['LAVENDER INCENSE IN TIN', nan, 'FOUND']
Length: 3, dtype: str"
17107D,"<ArrowStringArray>
['FLOWER FAIRY,5 SUMMER B'DRAW LINERS',        'FLOWER FAIRY 5 DRAWER LINERS',
   'FLOWER FAIRY 5 SUMMER DRAW LINERS']
Length: 3, dtype: str"
17109D,"<ArrowStringArray>
['FLOWER FAIRY INCENSE BOUQUET', 'ADJUSTMENT']
Length: 2, dtype: str"
17136A,"<ArrowStringArray>
['BLUE STONES ON WIRE FOR CANDLE', 'CHECK']
Length: 2, dtype: str"
17165D,"<ArrowStringArray>
['ASS COL LARGE SAND FROG P'WEIGHT', nan]
Length: 2, dtype: str"
18098C,"<ArrowStringArray>
['PORCELAIN BUTTERFLY OIL BURNER', nan]
Length: 2, dtype: str"
20622,"<ArrowStringArray>
['VIPPASSPORT COVER', 'VIP PASSPORT COVER']
Length: 2, dtype: str"
20664,"<ArrowStringArray>
['TROPICAL HOLIDAY PURSE', nan]
Length: 2, dtype: str"
20665,"<ArrowStringArray>
['RED RETROSPOT PURSE', 'DOTCOM']
Length: 2, dtype: str"
20684,"<ArrowStringArray>
['STRAWBERRY DREAM CHILDS UMBRELLA', nan]
Length: 2, dtype: str"
20702,"<ArrowStringArray>
['PINK PADDED MOBILE', nan]
Length: 2, dtype: str"
20713,"<ArrowStringArray>
[      'JUMBO BAG OWLS',                    nan,                'FOUND',
 'WRONGLY MARKED 23343',      'MARKED AS 23343',  'WRONGLY CODED 23343']
Length: 6, dtype: str"
20716,"<ArrowStringArray>
['PARTY FOOD SHOPPER BAG', nan]
Length: 2, dtype: str"
20725,"<ArrowStringArray>
['LUNCH BAG RED RETROSPOT', 'LUNCH BAG RED SPOTTY']
Length: 2, dtype: str"
20731,"<ArrowStringArray>
['POSY CANDY BAG', nan]
Length: 2, dtype: str"
20734,"<ArrowStringArray>
['SILVER MINI TAPE MEASURE', nan]
Length: 2, dtype: str"
20748,"<ArrowStringArray>
['KENSINGTON COFFEE SET', 'FOUND', nan]
Length: 3, dtype: str"
20754,"<ArrowStringArray>
['RETROSPOT RED WASHING UP GLOVES', 'FOUND']
Length: 2, dtype: str"
20760,"<ArrowStringArray>
['GARDEN PATH POCKET BOOK', nan]
Length: 2, dtype: str"
20774,"<ArrowStringArray>
['GREEN FERN NOTEBOOK', nan]
Length: 2, dtype: str"
20778,"<ArrowStringArray>
['GARDEN PATH NOTEBOOK', nan]
Length: 2, dtype: str"
20798,"<ArrowStringArray>
['CLEAR MILKSHAKE GLASS', nan]
Length: 2, dtype: str"
20801,"<ArrowStringArray>
['LARGE PINK GLASS SUNDAE DISH', nan]
Length: 2, dtype: str"
20821,"<ArrowStringArray>
['GOLDIE LOOKING MIRROR', nan]
Length: 2, dtype: str"
20832,"<ArrowStringArray>
['RED FLOCK LOVE HEART PHOTO FRAME', 'CHECK']
Length: 2, dtype: str"
20851,"<ArrowStringArray>
['ZINC HEART LATTICE TRAY OVAL', nan]
Length: 2, dtype: str"
20878,"<ArrowStringArray>
['SET/9 CHRISTMAS T-LIGHTS SCENTED', nan]
Length: 2, dtype: str"
20886,"<ArrowStringArray>
['BOX OF 9 PEBBLE CANDLES', nan]
Length: 2, dtype: str"
20914,"<ArrowStringArray>
['SET/5 RED RETROSPOT LID GLASS BOWLS', 'SET/5 RED SPOTTY LID GLASS BOWLS']
Length: 2, dtype: str"
20941,"<ArrowStringArray>
['FROG CANDLE', nan]
Length: 2, dtype: str"
20956,"<ArrowStringArray>
['PORCELAIN T-LIGHT HOLDERS ASSORTED', nan]
Length: 2, dtype: str"
20964,"<ArrowStringArray>
['POLYESTER FILLER PAD 60X40CM', nan]
Length: 2, dtype: str"
20966,"<ArrowStringArray>
['SANDWICH BATH SPONGE', nan]
Length: 2, dtype: str"
20967,"<ArrowStringArray>
['GREY FLORAL FELTCRAFT SHOULDER BAG', 'AMAZON ADJUSTMENT']
Length: 2, dtype: str"
20973,"<ArrowStringArray>
['12 PENCIL SMALL TUBE WOODLAND', nan]
Length: 2, dtype: str"
20975,"<ArrowStringArray>
['12 PENCILS SMALL TUBE RED RETROSPOT', nan]
Length: 2, dtype: str"
20984,"<ArrowStringArray>
['12 PENCILS TALL TUBE POSY', 'FOUND', nan]
Length: 3, dtype: str"
21009,"<ArrowStringArray>
['ETCHED GLASS STAR TREE DECORATION', nan]
Length: 2, dtype: str"
21027,"<ArrowStringArray>
['NINJA RABBIT PINK', nan]
Length: 2, dtype: str"
21033,"<ArrowStringArray>
['JUMBO BAG CHARLIE AND LOLA TOYS', nan]
Length: 2, dtype: str"
21051,"<ArrowStringArray>
['RIBBONS PURSE', 'FOUND']
Length: 2, dtype: str"
21054,"<ArrowStringArray>
['NURSE'S BAG SOFT TOY', nan]
Length: 2, dtype: str"
21067,"<ArrowStringArray>
['VINTAGE RED TEATIME MUG', nan]
Length: 2, dtype: str"
21069,"<ArrowStringArray>
['VINTAGE BILLBOARD TEA MUG', nan]
Length: 2, dtype: str"
21071,"<ArrowStringArray>
['VINTAGE BILLBOARD DRINK ME MUG', nan]
Length: 2, dtype: str"
21082,"<ArrowStringArray>
['SET/20 FRUIT SALAD PAPER NAPKINS', 'FOUND']
Length: 2, dtype: str"
21095,"<ArrowStringArray>
['SET/6 POSIES PAPER PLATES', nan]
Length: 2, dtype: str"
21098,"<ArrowStringArray>
['CHRISTMAS TOILET ROLL', nan, 'HAD BEEN PUT ASIDE']
Length: 3, dtype: str"
21109,"<ArrowStringArray>
['LARGE CAKE TOWEL, CHOCOLATE SPOTS', 'LARGE CAKE TOWEL CHOCOLATE SPOTS']
Length: 2, dtype: str"
21112,"<ArrowStringArray>
['SWISS ROLL TOWEL, PINK  SPOTS', 'SWISS ROLL TOWEL PINK  SPOTS']
Length: 2, dtype: str"
21143,"<ArrowStringArray>
['ANTIQUE GLASS HEART DECORATION', nan]
Length: 2, dtype: str"
21145,"<ArrowStringArray>
['ANTIQUE GLASS PLACE SETTING', nan]
Length: 2, dtype: str"
21147,"<ArrowStringArray>
['JINGLE BELLS TREE DECORATION', 'FOUND', nan]
Length: 3, dtype: str"
21174,"<ArrowStringArray>
['POTTERING IN THE SHED METAL SIGN', 'FOUND', nan]
Length: 3, dtype: str"
21175,"<ArrowStringArray>
['GIN + TONIC DIET METAL SIGN', 'GIN AND TONIC DIET METAL SIGN']
Length: 2, dtype: str"
21181,"<ArrowStringArray>
['PLEASE ONE PERSON METAL SIGN', 'ON CARGO ORDER', 'ADJUSTMENT', nan,
 'DOTCOM']
Length: 5, dtype: str"
21186,"<ArrowStringArray>
[nan, 'WHITE DOVE HONEYCOMB PAPER GARLAND']
Length: 2, dtype: str"
21190,"<ArrowStringArray>
['PINK HEARTS PAPER GARLAND', nan]
Length: 2, dtype: str"
21192,"<ArrowStringArray>
['WHITE BELL HONEYCOMB PAPER', 'WRONGLY MARKED']
Length: 2, dtype: str"
21232,"<ArrowStringArray>
['STRAWBERRY CERAMIC TRINKET BOX', 'STRAWBERRY CERAMIC TRINKET POT']
Length: 2, dtype: str"
21243,"<ArrowStringArray>
['PINK  POLKADOT PLATE', 'PINK POLKADOT PLATE']
Length: 2, dtype: str"
21244,"<ArrowStringArray>
['BLUE POLKADOT PLATE', nan]
Length: 2, dtype: str"
21257,"<ArrowStringArray>
['VICTORIAN SEWING BOX MEDIUM', nan]
Length: 2, dtype: str"
21258,"<ArrowStringArray>
['VICTORIAN SEWING BOX LARGE', nan]
Length: 2, dtype: str"
21269,"<ArrowStringArray>
['ANTIQUE CREAM CUTLERY SHELF', nan]
Length: 2, dtype: str"
21272,"<ArrowStringArray>
['SALLE DE BAIN HOOK', nan]
Length: 2, dtype: str"
21275,"<ArrowStringArray>
['ZINC TOP  2 DOOR WOODEN SHELF', nan]
Length: 2, dtype: str"
21278,"<ArrowStringArray>
['VINTAGE KITCHEN PRINT PUDDINGS', nan]
Length: 2, dtype: str"
21279,"<ArrowStringArray>
['VINTAGE KITCHEN PRINT FRUITS', nan]
Length: 2, dtype: str"
21294,"<ArrowStringArray>
['ETCHED GLASS COASTER', nan]
Length: 2, dtype: str"
21311,"<ArrowStringArray>
['SET/4 BIRD MIRROR MAGNETS', nan]
Length: 2, dtype: str"
21319,"<ArrowStringArray>
['GLASS CHALICE GREEN  SMALL', 'ADJUSTMENT']
Length: 2, dtype: str"
21324,"<ArrowStringArray>
['HANGING MEDINA LANTERN SMALL', nan]
Length: 2, dtype: str"
21348,"<ArrowStringArray>
['PINK SPOTS CHOCOLATE NESTING BOXES', nan]
Length: 2, dtype: str"
21349,"<ArrowStringArray>
['IVY HEART WREATH', nan, 'CHECK']
Length: 3, dtype: str"
21355,"<ArrowStringArray>
['TOAST ITS - I LOVE YOU', nan]
Length: 2, dtype: str"
21357,"<ArrowStringArray>
['TOAST ITS - DINOSAUR', nan]
Length: 2, dtype: str"
21359,"<ArrowStringArray>
['RELAX LARGE WOOD LETTERS', nan]
Length: 2, dtype: str"
21393,"<ArrowStringArray>
['BLUE POLKADOT PUDDING BOWL', nan]
Length: 2, dtype: str"
21394,"<ArrowStringArray>
['RED POLKADOT BEAKER', nan]
Length: 2, dtype: str"
21421,"<ArrowStringArray>
['PORCELAIN ROSE LARGE', nan]
Length: 2, dtype: str"
21429,"<ArrowStringArray>
['RED GINGHAM ROSE JEWELLERY BOX', nan]
Length: 2, dtype: str"
21445,"<ArrowStringArray>
['12 PINK ROSE PEG PLACE SETTINGS', nan]
Length: 2, dtype: str"
21472,"<ArrowStringArray>
['LADYBIRD + BEE RAFFIA FOOD COVER', nan]
Length: 2, dtype: str"
21479,"<ArrowStringArray>
['WHITE SKULL HOT WATER BOTTLE', '?']
Length: 2, dtype: str"
21484,"<ArrowStringArray>
['CHICK GREY HOT WATER BOTTLE', nan]
Length: 2, dtype: str"
21488,"<ArrowStringArray>
['RED WHITE SCARF  HOT WATER BOTTLE', nan]
Length: 2, dtype: str"
21491,"<ArrowStringArray>
['SET OF THREE VINTAGE GIFT WRAPS', nan]
Length: 2, dtype: str"
21507,"<ArrowStringArray>
['ELEPHANT, BIRTHDAY CARD,', 'ELEPHANT BIRTHDAY CARD']
Length: 2, dtype: str"
21527,"<ArrowStringArray>
['RED RETROSPOT TRADITIONAL TEAPOT', nan]
Length: 2, dtype: str"
21539,"<ArrowStringArray>
['RED RETROSPOT BUTTER DISH', 'CHECK']
Length: 2, dtype: str"
21555,"<ArrowStringArray>
['CERAMIC STRAWBERRY TRINKET TRAY', nan]
Length: 2, dtype: str"
21578,"<ArrowStringArray>
['WOODLAND DESIGN  COTTON TOTE BAG', nan, 'FOUND']
Length: 3, dtype: str"
21586,"<ArrowStringArray>
['KINGS CHOICE GIANT TUBE MATCHES', nan]
Length: 2, dtype: str"
21587,"<ArrowStringArray>
['COSY HOUR GIANT TUBE MATCHES', nan]
Length: 2, dtype: str"
21595,"<ArrowStringArray>
['DAD'S CAB ELECTRONIC METER', nan]
Length: 2, dtype: str"
21609,"<ArrowStringArray>
['SET 12 LAVENDER  BOTANICAL T-LIGHTS', nan]
Length: 2, dtype: str"
21614,"<ArrowStringArray>
[nan, 'SET OF 12 ROSE BOTANICAL T-LIGHTS']
Length: 2, dtype: str"
21620,"<ArrowStringArray>
['SET OF 4 ROSE BOTANICAL CANDLES', nan]
Length: 2, dtype: str"
21621,"<ArrowStringArray>
['VINTAGE UNION JACK BUNTING', 'RCVD BE AIR TEMP FIX FOR DOTCOM SIT']
Length: 2, dtype: str"
21632,"<ArrowStringArray>
['VINTAGE PINK DECORATIVE PARASOL', nan]
Length: 2, dtype: str"
21635,"<ArrowStringArray>
['MADRAS NOTEBOOK LARGE', nan]
Length: 2, dtype: str"
21644,"<ArrowStringArray>
['ASSORTED TUTTI FRUTTI HEART BOX', 'FOUND', 'CHECK']
Length: 3, dtype: str"
21651,"<ArrowStringArray>
['HANGING GLASS ETCHED TEALIGHT', nan]
Length: 2, dtype: str"
21655,"<ArrowStringArray>
['HANGING RIDGE GLASS T-LIGHT HOLDER', nan]
Length: 2, dtype: str"
21658,"<ArrowStringArray>
['GLASS  BEURRE DISH', nan]
Length: 2, dtype: str"
21661,"<ArrowStringArray>
[nan, 'VINTAGE GLASS TEA CADDY']
Length: 2, dtype: str"
21662,"<ArrowStringArray>
['VINTAGE GLASS COFFEE CADDY', nan]
Length: 2, dtype: str"
21664,"<ArrowStringArray>
['RIDGED GLASS STORAGE JAR CREAM LID', nan]
Length: 2, dtype: str"
21667,"<ArrowStringArray>
[nan, 'GLASS CAKE COVER AND PLATE']
Length: 2, dtype: str"
21673,"<ArrowStringArray>
['WHITE SPOT BLUE CERAMIC DRAWER KNOB', nan]
Length: 2, dtype: str"
21682,"<ArrowStringArray>
['LARGE MEDINA STAMPED METAL BOWL', nan]
Length: 2, dtype: str"
21686,"<ArrowStringArray>
['MEDINA STAMPED METAL STOOL', nan]
Length: 2, dtype: str"
21690,"<ArrowStringArray>
['SILVER  CANDLEPOT JARDIN', nan]
Length: 2, dtype: str"
21700,"<ArrowStringArray>
['BIG DOUGHNUT FRIDGE MAGNETS', 'CHECK']
Length: 2, dtype: str"
21717,"<ArrowStringArray>
['EASTER TIN BUCKET', nan]
Length: 2, dtype: str"
21736,"<ArrowStringArray>
['GOLD SCROLL GLASS T-LIGHT HOLDER', 'ADJUSTMENT', nan]
Length: 3, dtype: str"
21738,"<ArrowStringArray>
['COSY SLIPPER SHOES SMALL  RED', nan]
Length: 2, dtype: str"
21763,"<ArrowStringArray>
['VINTAGE WOODEN BAR STOOL', nan]
Length: 2, dtype: str"
21777,"<ArrowStringArray>
['RECIPE BOX WITH METAL HEART', nan]
Length: 2, dtype: str"
21784,"<ArrowStringArray>
['SHOE SHINE BOX', nan]
Length: 2, dtype: str"
21794,"<ArrowStringArray>
['CLASSIC FRENCH STYLE BASKET NATURAL', 'ADJUSTMENT']
Length: 2, dtype: str"
21801,"<ArrowStringArray>
['CHRISTMAS TREE DECORATION WITH BELL', nan]
Length: 2, dtype: str"
21803,"<ArrowStringArray>
['CHRISTMAS TREE STAR DECORATION', nan]
Length: 2, dtype: str"
21804,"<ArrowStringArray>
['WHITE CHRISTMAS GARLAND STARS TREES', 'CHECK', nan, 'DOTCOM']
Length: 4, dtype: str"
21808,"<ArrowStringArray>
['CHRISTMAS GARLAND STARS,TREES', nan]
Length: 2, dtype: str"
21809,"<ArrowStringArray>
['CHRISTMAS HANGING TREE WITH BELL', nan]
Length: 2, dtype: str"
21811,"<ArrowStringArray>
['CHRISTMAS HANGING HEART WITH BELL', 'HANGING HEART WITH BELL', 'CHECK', nan]
Length: 4, dtype: str"
21818,"<ArrowStringArray>
['GLITTER CHRISTMAS HEART', 'GLITTER HEART DECORATION']
Length: 2, dtype: str"
21823,"<ArrowStringArray>
['PAINTED METAL HEART WITH HOLLY BELL', 'AMAZON ADJUST']
Length: 2, dtype: str"
21826,"<ArrowStringArray>
['EIGHT PIECE DINOSAUR SET', nan]
Length: 2, dtype: str"
21829,"<ArrowStringArray>
['DINOSAUR KEYRINGS ASSORTED', 'ADJUSTMENT']
Length: 2, dtype: str"
21830,"<ArrowStringArray>
['ASSORTED CREEPY CRAWLIES', 'DAMAGED', nan]
Length: 3, dtype: str"
21841,"<ArrowStringArray>
['BABY MOUSE RED GINGHAM DRESS', nan]
Length: 2, dtype: str"
21868,"<ArrowStringArray>
['POTTING SHED TEA MUG', nan, 'AMAZON']
Length: 3, dtype: str"
21888,"<ArrowStringArray>
['BINGO SET', 'AMAZON']
Length: 2, dtype: str"
21897,"<ArrowStringArray>
['POTTING SHED CANDLE CITRONELLA', nan]
Length: 2, dtype: str"
21898,"<ArrowStringArray>
['POTTING SHED ROSE CANDLE', nan]
Length: 2, dtype: str"
21899,"<ArrowStringArray>
['KEY FOB , GARAGE DESIGN', 'GARAGE KEY FOB']
Length: 2, dtype: str"
21904,"<ArrowStringArray>
['HOUSE WRECKING METAL SIGN', nan]
Length: 2, dtype: str"
21911,"<ArrowStringArray>
['GARDEN METAL SIGN', nan]
Length: 2, dtype: str"
21915,"<ArrowStringArray>
['RED  HARMONICA IN BOX', 'JOHN LEWIS']
Length: 2, dtype: str"
21918,"<ArrowStringArray>
['SET 12 KIDS COLOUR  CHALK STICKS', nan]
Length: 2, dtype: str"
21927,"<ArrowStringArray>
['BLUE/CREAM STRIPE CUSHION COVER', nan]
Length: 2, dtype: str"
21928,"<ArrowStringArray>
['JUMBO BAG SCANDINAVIAN PAISLEY', 'JUMBO BAG SCANDINAVIAN BLUE PAISLEY']
Length: 2, dtype: str"
21937,"<ArrowStringArray>
['STRAWBERRY   PICNIC BAG', nan, 'FOUND']
Length: 3, dtype: str"
21973,"<ArrowStringArray>
['SET OF 36 MUSHROOM PAPER DOILIES', nan]
Length: 2, dtype: str"
21992,"<ArrowStringArray>
['VINTAGE PAISLEY STATIONERY SET', 'CHECK']
Length: 2, dtype: str"
22034,"<ArrowStringArray>
['ROBIN CHRISTMAS CARD', nan]
Length: 2, dtype: str"
22035,"<ArrowStringArray>
['VINTAGE CARAVAN GREETING CARD', nan, 'TAIG ADJUST']
Length: 3, dtype: str"
22050,"<ArrowStringArray>
['PINK PAISLEY ROSE GIFT WRAP', nan]
Length: 2, dtype: str"
22062,"<ArrowStringArray>
['CERAMIC BOWL WITH LOVE HEART DESIGN', nan]
Length: 2, dtype: str"
22078,"<ArrowStringArray>
['RIBBON REEL LACE DESIGN', nan]
Length: 2, dtype: str"
22080,"<ArrowStringArray>
['RIBBON REEL POLKADOTS', nan]
Length: 2, dtype: str"
22084,"<ArrowStringArray>
['PAPER CHAIN KIT EMPIRE', nan]
Length: 2, dtype: str"
22087,"<ArrowStringArray>
['PAPER BUNTING WHITE LACE', nan, 'AMAZON']
Length: 3, dtype: str"
22088,"<ArrowStringArray>
['PAPER BUNTING COLOURED LACE', nan]
Length: 2, dtype: str"
22114,"<ArrowStringArray>
['HOT WATER BOTTLE TEA AND SYMPATHY', nan]
Length: 2, dtype: str"
22117,"<ArrowStringArray>
['METAL SIGN HER DINNER IS SERVED', 'CHECK']
Length: 2, dtype: str"
22121,"<ArrowStringArray>
['NOEL WOODEN BLOCK LETTERS', 'HAD BEEN PUT ASIDE', nan]
Length: 3, dtype: str"
22125,"<ArrowStringArray>
['UNION JACK HOT WATER BOTTLE', nan]
Length: 2, dtype: str"
22129,"<ArrowStringArray>
['PARTY CONES CANDY TREE DECORATION', 'PARTY CONES CANDY DECORATION']
Length: 2, dtype: str"
22134,"<ArrowStringArray>
['LADLE LOVE HEART RED', 'MINI LADLE LOVE HEART RED']
Length: 2, dtype: str"
22135,"<ArrowStringArray>
['LADLE LOVE HEART PINK', 'MINI LADLE LOVE HEART PINK']
Length: 2, dtype: str"
22139,"<ArrowStringArray>
['RETROSPOT TEA SET CERAMIC 11 PC', nan, 'AMAZON']
Length: 3, dtype: str"
22142,"<ArrowStringArray>
['CHRISTMAS CRAFT WHITE FAIRY', 'CHECK']
Length: 2, dtype: str"
22145,"<ArrowStringArray>
[nan, 'CHRISTMAS CRAFT HEART STOCKING']
Length: 2, dtype: str"
22149,"<ArrowStringArray>
['FELTCRAFT 6 FLOWER FRIENDS', nan, 'CHECK']
Length: 3, dtype: str"
22157,"<ArrowStringArray>
['ANGEL DECORATION WITH LACE PADDED', nan]
Length: 2, dtype: str"
22168,"<ArrowStringArray>
['ORGANISER WOOD ANTIQUE WHITE', nan]
Length: 2, dtype: str"
22171,"<ArrowStringArray>
['3 HOOK PHOTO SHELF ANTIQUE WHITE', '?', nan]
Length: 3, dtype: str"
22173,"<ArrowStringArray>
['METAL 4 HOOK HANGER FRENCH CHATEAU', nan]
Length: 2, dtype: str"
22176,"<ArrowStringArray>
['BLUE OWL SOFT TOY', 'AMAZON']
Length: 2, dtype: str"
22179,"<ArrowStringArray>
['SET 10 LIGHTS NIGHT OWL', 'SET 10 NIGHT OWL LIGHTS']
Length: 2, dtype: str"
22180,"<ArrowStringArray>
['RETROSPOT LAMP', nan]
Length: 2, dtype: str"
22194,"<ArrowStringArray>
['BLACK DINER WALL CLOCK', nan]
Length: 2, dtype: str"
22197,"<ArrowStringArray>
['SMALL POPCORN HOLDER', 'POPCORN HOLDER']
Length: 2, dtype: str"
22199,"<ArrowStringArray>
['FRYING PAN RED RETROSPOT', 'FRYING PAN RED POLKADOT']
Length: 2, dtype: str"
22202,"<ArrowStringArray>
['MILK PAN PINK POLKADOT', nan]
Length: 2, dtype: str"
22218,"<ArrowStringArray>
[nan, 'CAKE STAND LACE WHITE']
Length: 2, dtype: str"
22242,"<ArrowStringArray>
['5 HOOK HANGER MAGIC TOADSTOOL', nan]
Length: 2, dtype: str"
22246,"<ArrowStringArray>
['MAGIC GARDEN FELT GARLAND', 'GARLAND, MAGIC GARDEN 1.8M']
Length: 2, dtype: str"
22268,"<ArrowStringArray>
['EASTER DECORATION SITTING BUNNY', 'DECORATION SITTING BUNNY']
Length: 2, dtype: str"
22272,"<ArrowStringArray>
['FELTCRAFT DOLL MARIA', nan]
Length: 2, dtype: str"
22285,"<ArrowStringArray>
['DECORATION HEN ON NEST, HANGING', 'HANGING HEN ON NEST DECORATION']
Length: 2, dtype: str"
22286,"<ArrowStringArray>
['DECORATION , WOBBLY RABBIT , METAL', 'DECORATION WOBBLY RABBIT METAL']
Length: 2, dtype: str"
22287,"<ArrowStringArray>
['DECORATION , WOBBLY CHICKEN, METAL', 'DECORATION WOBBLY CHICKEN']
Length: 2, dtype: str"
22323,"<ArrowStringArray>
['PINK POLKADOT KIDS BAG', nan]
Length: 2, dtype: str"
22353,"<ArrowStringArray>
['LUNCH BOX WITH CUTLERY FAIRY CAKES', nan]
Length: 2, dtype: str"
22355,"<ArrowStringArray>
['CHARLOTTE BAG SUKI DESIGN', 'TEST']
Length: 2, dtype: str"
22383,"<ArrowStringArray>
['LUNCH BAG SUKI  DESIGN', 'LUNCH BAG SUKI DESIGN']
Length: 2, dtype: str"
22407,"<ArrowStringArray>
['MONEY BOX FIRST ADE DESIGN', 'MONEY BOX FIRST AID DESIGN']
Length: 2, dtype: str"
22416,"<ArrowStringArray>
['SET OF 36 DOILIES SPACEBOY DESIGN', 'SET OF 36 SPACEBOY PAPER DOILIES']
Length: 2, dtype: str"
22444,"<ArrowStringArray>
['GROW YOUR OWN PLANT IN A CAN', nan]
Length: 2, dtype: str"
22451,"<ArrowStringArray>
['SILK PURSE BABUSHKA RED', nan]
Length: 2, dtype: str"
22459,"<ArrowStringArray>
['CAST IRON HOOK GARDEN TROWEL', nan]
Length: 2, dtype: str"
22466,"<ArrowStringArray>
['FAIRY TALE COTTAGE NIGHTLIGHT', 'FAIRY TALE COTTAGE NIGHT LIGHT']
Length: 2, dtype: str"
22467,"<ArrowStringArray>
['GUMBALL COAT RACK', 'WRONGLY SOLD (22719) BARCODE']
Length: 2, dtype: str"
22469,"<ArrowStringArray>
['HEART OF WICKER SMALL', nan]
Length: 2, dtype: str"
22470,"<ArrowStringArray>
['HEART OF WICKER LARGE', nan]
Length: 2, dtype: str"
22501,"<ArrowStringArray>
['PICNIC BASKET WICKER LARGE', nan, 'FOUND']
Length: 3, dtype: str"
22502,"<ArrowStringArray>
['PICNIC BASKET WICKER SMALL', nan, 'PICNIC BASKET WICKER 60 PIECES']
Length: 3, dtype: str"
22533,"<ArrowStringArray>
['MAGIC DRAWING SLATE BAKE A CAKE', 'CHECK']
Length: 2, dtype: str"
22548,"<ArrowStringArray>
['HEADS AND TAILS SPORTING FUN', 'ADJUSTMENT']
Length: 2, dtype: str"
22568,"<ArrowStringArray>
['FELTCRAFT CUSHION OWL', nan]
Length: 2, dtype: str"
22570,"<ArrowStringArray>
['FELTCRAFT CUSHION RABBIT', nan]
Length: 2, dtype: str"
22579,"<ArrowStringArray>
['WOODEN TREE CHRISTMAS SCANDINAVIAN', nan]
Length: 2, dtype: str"
22584,"<ArrowStringArray>
['PACK OF 6 PANNETONE GIFT BOXES', 'PACK OF 6 PANETTONE GIFT BOXES']
Length: 2, dtype: str"
22591,"<ArrowStringArray>
['CARDHOLDER GINGHAM CHRISTMAS TREE', nan]
Length: 2, dtype: str"
22595,"<ArrowStringArray>
['CHRISTMAS GINGHAM HEART', 'GINGHAM HEART DECORATION']
Length: 2, dtype: str"
22597,"<ArrowStringArray>
['CHRISTMAS MUSICAL ZINC HEART', 'MUSICAL ZINC HEART DECORATION']
Length: 2, dtype: str"
22602,"<ArrowStringArray>
['CHRISTMAS RETROSPOT HEART WOOD', 'RETROSPOT WOODEN HEART DECORATION']
Length: 2, dtype: str"
22606,"<ArrowStringArray>
['WOODEN SKITTLES GARDEN SET', 'CHECK', nan]
Length: 3, dtype: str"
22627,"<ArrowStringArray>
['MINT KITCHEN SCALES', nan]
Length: 2, dtype: str"
22632,"<ArrowStringArray>
['HAND WARMER RED POLKA DOT', 'HAND WARMER RED RETROSPOT', nan]
Length: 3, dtype: str"
22687,"<ArrowStringArray>
['DOORMAT CHRISTMAS VILLAGE', 'ADJUSTMENT', 'HAD BEEN PUT ASIDE', nan]
Length: 4, dtype: str"
22688,"<ArrowStringArray>
['DOORMAT PEACE ON EARTH BLUE', nan]
Length: 2, dtype: str"
22689,"<ArrowStringArray>
['DOORMAT MERRY CHRISTMAS RED', 'HAD BEEN PUT ASIDE', nan]
Length: 3, dtype: str"
22696,"<ArrowStringArray>
['WICKER WREATH LARGE', nan]
Length: 2, dtype: str"
22719,"<ArrowStringArray>
['GUMBALL MONOCHROME COAT RACK', nan]
Length: 2, dtype: str"
22720,"<ArrowStringArray>
['SET OF 3 CAKE TINS PANTRY DESIGN', nan]
Length: 2, dtype: str"
22722,"<ArrowStringArray>
['SET OF 6 SPICE TINS PANTRY DESIGN', nan]
Length: 2, dtype: str"
22726,"<ArrowStringArray>
['ALARM CLOCK BAKELIKE GREEN', nan]
Length: 2, dtype: str"
22729,"<ArrowStringArray>
['ALARM CLOCK BAKELIKE ORANGE', nan]
Length: 2, dtype: str"
22734,"<ArrowStringArray>
['SET OF 6 RIBBONS VINTAGE CHRISTMAS', 'AMAZON', 'AMAZON SALES', nan, 'FOUND']
Length: 5, dtype: str"
22740,"<ArrowStringArray>
['POLKADOT PEN', 'ADJUSTMENT']
Length: 2, dtype: str"
22759,"<ArrowStringArray>
['SET OF 3 NOTEBOOKS IN PARCEL', 'FOUND', 'CHECK']
Length: 3, dtype: str"
22764,"<ArrowStringArray>
['RUSTIC WOODEN CABINET, GLASS DOORS', nan]
Length: 2, dtype: str"
22776,"<ArrowStringArray>
[ 'SWEETHEART CAKESTAND 3 TIER', 'CAKESTAND, 3 TIER, LOVEHEART',
 'SWEETHEART 3 TIER CAKE STAND']
Length: 3, dtype: str"
22777,"<ArrowStringArray>
['GLASS BELL JAR LARGE', 'GLASS CLOCHE LARGE', nan]
Length: 3, dtype: str"
22778,"<ArrowStringArray>
['GLASS CLOCHE SMALL', 'GLASS BELL JAR SMALL']
Length: 2, dtype: str"
22783,"<ArrowStringArray>
['SET 3 WICKER OVAL BASKETS W LIDS', nan]
Length: 2, dtype: str"
22785,"<ArrowStringArray>
['SQUARECUSHION COVER PINK UNION FLAG', 'SQUARECUSHION COVER PINK UNION JACK']
Length: 2, dtype: str"
22804,"<ArrowStringArray>
['CANDLEHOLDER PINK HANGING HEART', 'PINK HANGING HEART T-LIGHT HOLDER']
Length: 2, dtype: str"
22810,"<ArrowStringArray>
['SET OF 6 T-LIGHTS SNOWMEN', nan]
Length: 2, dtype: str"
22812,"<ArrowStringArray>
['PACK 3 BOXES CHRISTMAS PANNETONE',                            'CHECK',
 'PACK 3 BOXES CHRISTMAS PANETTONE',                                nan]
Length: 4, dtype: str"
22813,"<ArrowStringArray>
['PACK 3 BOXES BIRD PANNETONE', 'PACK 3 BOXES BIRD PANETTONE']
Length: 2, dtype: str"
22823,"<ArrowStringArray>
['CHEST NATURAL WOOD 20 DRAWERS', 'TEST']
Length: 2, dtype: str"
22827,"<ArrowStringArray>
['RUSTIC  SEVENTEEN DRAWER SIDEBOARD', nan]
Length: 2, dtype: str"
22829,"<ArrowStringArray>
['SWEETHEART WIRE WALL TIDY', nan]
Length: 2, dtype: str"
22830,"<ArrowStringArray>
['UTILTY CABINET WITH HOOKS', nan]
Length: 2, dtype: str"
22833,"<ArrowStringArray>
['HALL CABINET WITH 3 DRAWERS', nan]
Length: 2, dtype: str"
22837,"<ArrowStringArray>
['HOT WATER BOTTLE BABUSHKA', 'HOT WATER BOTTLE BABUSHKA LARGE', 'FOUND', nan]
Length: 4, dtype: str"
22838,"<ArrowStringArray>
['3 TIER CAKE TIN RED AND CREAM', nan]
Length: 2, dtype: str"
22847,"<ArrowStringArray>
['BREAD BIN DINER STYLE IVORY', 'BREAD BIN, DINER STYLE, IVORY', nan]
Length: 3, dtype: str"
22848,"<ArrowStringArray>
['BREAD BIN DINER STYLE PINK', 'CHECK', 'AMAZON']
Length: 3, dtype: str"
22849,"<ArrowStringArray>
['BREAD BIN DINER STYLE MINT', 'BREAD BIN, DINER STYLE, MINT']
Length: 2, dtype: str"
22865,"<ArrowStringArray>
['HAND WARMER OWL DESIGN', nan]
Length: 2, dtype: str"
22866,"<ArrowStringArray>
['HAND WARMER SCOTTY DOG DESIGN', nan]
Length: 2, dtype: str"
22867,"<ArrowStringArray>
['HAND WARMER BIRD DESIGN', nan]
Length: 2, dtype: str"
22896,"<ArrowStringArray>
['PEG BAG APPLES DESIGN', 'PEG BAG APPLE DESIGN']
Length: 2, dtype: str"
22925,"<ArrowStringArray>
['BLUE GIANT GARDEN THERMOMETER', 'CHECK', 'AMAZON']
Length: 3, dtype: str"
22927,"<ArrowStringArray>
['GREEN GIANT GARDEN THERMOMETER', 'AMAZON']
Length: 2, dtype: str"
22932,"<ArrowStringArray>
['BAKING MOULD TOFFEE CUP CHOCOLATE', 'BAKING MOULD TOFFEE CUP  CHOCOLATE']
Length: 2, dtype: str"
22937,"<ArrowStringArray>
[ 'BAKING MOULD CHOCOLATE CUPCAKES', 'BAKING MOULD CHOCOLATE CUP CAKES',
   'BAKING MOULD CUPCAKE CHOCOLATE']
Length: 3, dtype: str"
22939,"<ArrowStringArray>
['APRON APPLE DELIGHT', 'ADULT APRON APPLE DELIGHT']
Length: 2, dtype: str"
22943,"<ArrowStringArray>
['CHRISTMAS LIGHTS 10 VINTAGE BAUBLES', nan]
Length: 2, dtype: str"
22947,"<ArrowStringArray>
['WOODEN ADVENT CALENDAR RED', nan]
Length: 2, dtype: str"
22949,"<ArrowStringArray>
['36 DOILIES DOLLY GIRL', 'SET OF 36 DOLLY GIRL PAPER DOILIES']
Length: 2, dtype: str"
22950,"<ArrowStringArray>
['36 DOILIES VINTAGE CHRISTMAS', 'SET OF 36 VINTAGE CHRISTMAS DOILIES']
Length: 2, dtype: str"
22952,"<ArrowStringArray>
['60 CAKE CASES VINTAGE CHRISTMAS', '72 CAKE CASES VINTAGE CHRISTMAS']
Length: 2, dtype: str"
22953,"<ArrowStringArray>
['BIRTHDAY PARTY CORDON BARRIER TAPE', 'BIRTHDAY BANNER TAPE']
Length: 2, dtype: str"
22959,"<ArrowStringArray>
['WRAP CHRISTMAS VILLAGE', nan]
Length: 2, dtype: str"
22963,"<ArrowStringArray>
['JAM JAR WITH GREEN LID', 'JAM JAR WITH BLUE LID']
Length: 2, dtype: str"
22965,"<ArrowStringArray>
['3 TRADITIONAL COOKIE CUTTERS  SET', '3 TRADITIONAL BISCUIT CUTTERS  SET']
Length: 2, dtype: str"
22968,"<ArrowStringArray>
['ROSE COTTAGE KEEPSAKE BOX', nan]
Length: 2, dtype: str"
22972,"<ArrowStringArray>
['CHILDREN'S SPACEBOY MUG', 'CHILDRENS SPACEBOY MUG']
Length: 2, dtype: str"
22985,"<ArrowStringArray>
['WRAP, BILLBOARD FONTS DESIGN', 'WRAP BILLBOARD FONTS DESIGN']
Length: 2, dtype: str"
22986,"<ArrowStringArray>
['GINGHAM ROSE WRAP', 'WRAP GINGHAM ROSE']
Length: 2, dtype: str"
22988,"<ArrowStringArray>
['SOLDIERS EGG CUP', nan]
Length: 2, dtype: str"
22999,"<ArrowStringArray>
['TRAVEL CARD WALLET RETRO PETALS', 'TRAVEL CARD WALLET VINTAGE LEAF']
Length: 2, dtype: str"
23015,"<ArrowStringArray>
['CORDIAL GLASS JUG', 'CORDIAL JUG']
Length: 2, dtype: str"
23020,"<ArrowStringArray>
['GLASS  SONGBIRD STORAGE JAR', 'GLASS SONGBIRD STORAGE JAR']
Length: 2, dtype: str"
23028,"<ArrowStringArray>
['DRAWER KNOB CRACKLE GLAZE BLUE', 'DOORKNOB CRACKED GLAZE BLUE']
Length: 2, dtype: str"
23029,"<ArrowStringArray>
['DRAWER KNOB CRACKLE GLAZE GREEN', 'DOORKNOB CRACKED GLAZE GREEN']
Length: 2, dtype: str"
23031,"<ArrowStringArray>
['DRAWER KNOB CRACKLE GLAZE PINK', 'DOORKNOB CRACKED GLAZE PINK']
Length: 2, dtype: str"
23032,"<ArrowStringArray>
['DRAWER KNOB CRACKLE GLAZE IVORY', 'DOORKNOB CRACKED GLAZE IVORY']
Length: 2, dtype: str"
23035,"<ArrowStringArray>
['DRAWER KNOB CERAMIC IVORY', 'DOORKNOB CERAMIC IVORY']
Length: 2, dtype: str"
23041,"<ArrowStringArray>
['PAPER LANTERN 9 POINT SNOW STAR', 'PAPER LANTERN 6 POINT SNOW STAR']
Length: 2, dtype: str"
23043,"<ArrowStringArray>
['PAPER LANTERN 9 POINT HOLLY STAR 40', 'PAPER LANTERN 9 POINT HOLLY STAR L']
Length: 2, dtype: str"
23044,"<ArrowStringArray>
['PAPER LANTERN 9 POINT HOLLY STAR S', 'PAPER LANTERN 9 POINT HOLLY STAR 23']
Length: 2, dtype: str"
23045,"<ArrowStringArray>
['PAPER LANTERN 5 POINT STAR MOON 30', 'PAPER LANTERN 5 POINT STAR MOON']
Length: 2, dtype: str"
23047,"<ArrowStringArray>
['PAPER LANTERN 5 POINT SEQUIN STAR', 'PAPER LANTERN 5 POINT STUDDED STAR']
Length: 2, dtype: str"
23056,"<ArrowStringArray>
['FLOWERS CHANDELIER T-LIGHT HOLDER', 'CRYSTAL CHANDELIER T-LIGHT HOLDER']
Length: 2, dtype: str"
23057,"<ArrowStringArray>
['GEMSTONE CHANDELIER T-LIGHT HOLDER', 'BEADED CHANDELIER T-LIGHT HOLDER']
Length: 2, dtype: str"
23061,"<ArrowStringArray>
['VINTAGE EMBOSSED HEART', 'VINTAGE ENGRAVED HEART']
Length: 2, dtype: str"
23065,"<ArrowStringArray>
['LARGE DECO JEWELLERY STAND', 'LARGE JEWELLERY STAND']
Length: 2, dtype: str"
23066,"<ArrowStringArray>
['SMALL DECO JEWELLERY STAND', 'SMALL JEWELLERY STAND']
Length: 2, dtype: str"
23068,"<ArrowStringArray>
['ALUMINIUM STAMPED HEART', 'ALUMINIUM HEART']
Length: 2, dtype: str"
23071,"<ArrowStringArray>
['MARIE ANTOIENETT TRINKET BOX GOLD', 'MARIE ANTOINETTE TRINKET BOX GOLD']
Length: 2, dtype: str"
23075,"<ArrowStringArray>
['DOUBLE CERAMIC PARLOUR HOOK', 'PARLOUR CERAMIC WALL HOOK']
Length: 2, dtype: str"
23081,"<ArrowStringArray>
['GREEN METAL BOX ARMY SUPPLIES', 'GREEN METAL BOX TOP SECRET']
Length: 2, dtype: str"
23084,"<ArrowStringArray>
[                 'RABBIT NIGHT LIGHT',                                   nan,
 'ALLOCATE STOCK FOR DOTCOM ORDERS TA', 'ADD STOCK TO ALLOCATE ONLINE ORDERS',
            'FOR ONLINE RETAIL ORDERS',                              'AMAZON',
                       'WEBSITE FIXED']
Length: 7, dtype: str"
23086,"<ArrowStringArray>
['ZINC  STAR T-LIGHT HOLDER', 'ZINC STAR T-LIGHT HOLDER']
Length: 2, dtype: str"
23091,"<ArrowStringArray>
['ZINC HERB GARDEN CONTAINER', 'METAL HERB GERDEN CONTAINER', 'CHECK']
Length: 3, dtype: str"
23103,"<ArrowStringArray>
['BELL HEART DECORATION', 'JINGLE BELL HEART DECORATION']
Length: 2, dtype: str"
23104,"<ArrowStringArray>
['IVORY PANTRY HANGING LAMP', 'IVORY CAFE HANGING LAMP']
Length: 2, dtype: str"
23106,"<ArrowStringArray>
['ZINC HEARTS PLANT POT HOLDER', 'ZINC PLANT POT HOLDER']
Length: 2, dtype: str"
23107,"<ArrowStringArray>
['WHITE WIRE PLANT POT HOLDER', 'WHITE HEARTS WIRE PLANT POT HOLDER']
Length: 2, dtype: str"
23109,"<ArrowStringArray>
['LED TEA LIGHTS', 'PACK OF SIX LED TEA LIGHTS']
Length: 2, dtype: str"
23118,"<ArrowStringArray>
['PARISIENNE JEWELLERY DRAWER', 'DOTCOM ADJUST']
Length: 2, dtype: str"
23126,"<ArrowStringArray>
['DOLLCRAFT GIRL AMELIE KIT', 'FELTCRAFT GIRL AMELIE KIT',
     'DOLLCRAFT GIRL AMELIE']
Length: 3, dtype: str"
23127,"<ArrowStringArray>
['DOLLCRAFT GIRL NICOLE', 'FELTCRAFT GIRL NICOLE KIT']
Length: 2, dtype: str"
23128,"<ArrowStringArray>
['FELTCRAFT BOY JEAN-PAUL KIT', 'DOLLCRAFT BOY JEAN-PAUL']
Length: 2, dtype: str"
23130,"<ArrowStringArray>
['MISTLETOE HEART WREATH GREEN', 'MISELTOE HEART WREATH']
Length: 2, dtype: str"
23131,"<ArrowStringArray>
['MISTLETOE HEART WREATH CREAM',  'MISELTOE HEART WREATH WHITE',
  'MISELTOE HEART WREATH CREAM',           'HAD BEEN PUT ASIDE']
Length: 4, dtype: str"
23134,"<ArrowStringArray>
['LARGE ZINC HEART WALL ORGANISER', nan]
Length: 2, dtype: str"
23135,"<ArrowStringArray>
['SMALL ZINC HEART WALL ORGANISER', '?', nan]
Length: 3, dtype: str"
23145,"<ArrowStringArray>
['ZINC T-LIGHT HOLDER STAR LARGE', 'ZINC T-LIGHT HOLDER STARS LARGE']
Length: 2, dtype: str"
23148,"<ArrowStringArray>
['MINIATURE ANTIQUE ROSE HOOK IVORY', 'MINITURE ANTIQUE ROSE HOOK IVORY']
Length: 2, dtype: str"
23157,"<ArrowStringArray>
['SET OF 6 NATIVITY MAGNETS', 'CHECK']
Length: 2, dtype: str"
23168,"<ArrowStringArray>
['CLASSIC SUGAR DISPENSER', 'CLASSIC CAFE SUGAR DISPENSER']
Length: 2, dtype: str"
23169,"<ArrowStringArray>
['CLASSIC GLASS SWEET JAR', 'CLASSIC GLASS COOKIE JAR']
Length: 2, dtype: str"
23175,"<ArrowStringArray>
['REGENCY MILK JUG PINK', nan]
Length: 2, dtype: str"
23188,"<ArrowStringArray>
['VINTAGE  2 METER FOLDING RULER', 'VINTAGE  2 METRE FOLDING RULER']
Length: 2, dtype: str"
23191,"<ArrowStringArray>
['BUNDLE OF 3 RETRO NOTE BOOKS', 'BUNDLE OF 3 RETRO EXERCISE BOOKS']
Length: 2, dtype: str"
23194,"<ArrowStringArray>
['GYMKHANNA TREASURE BOOK BOX', 'GYMKHANA TREASURE BOOK BOX']
Length: 2, dtype: str"
23196,"<ArrowStringArray>
[     'RETRO LEAVES MAGNETIC NOTEPAD', 'RETO LEAVES MAGNETIC SHOPPING LIST',
     'LEAVES MAGNETIC  SHOPPING LIST',      'VINTAGE LEAF MAGNETIC NOTEPAD']
Length: 4, dtype: str"
23197,"<ArrowStringArray>
['SKETCHBOOK MAGNETIC SHOPPING LIST', 'VEGETABLE MAGNETIC  SHOPPING LIST']
Length: 2, dtype: str"
23200,"<ArrowStringArray>
['MAILOUT', 'JUMBO BAG PEARS']
Length: 2, dtype: str"
23202,"<ArrowStringArray>
['MAILOUT', 'JUMBO BAG VINTAGE LEAF']
Length: 2, dtype: str"
23203,"<ArrowStringArray>
[                  'MAILOUT', 'JUMBO BAG DOILEY PATTERNS',
  'JUMBO BAG VINTAGE DOILEY',   'JUMBO BAG VINTAGE DOILY']
Length: 4, dtype: str"
23205,"<ArrowStringArray>
['CHARLOTTE BAG VINTAGE ALPHABET', 'CHARLOTTE BAG ALPHABET  DESIGN']
Length: 2, dtype: str"
23209,"<ArrowStringArray>
[                 'MAILOUT', 'LUNCH BAG DOILEY PATTERN',
 'LUNCH BAG VINTAGE DOILEY',  'LUNCH BAG VINTAGE DOILY']
Length: 4, dtype: str"
23212,"<ArrowStringArray>
['HEART WREATH DECORATION WITH BELL', 'PAINTED HEART WREATH WITH BELL']
Length: 2, dtype: str"
23214,"<ArrowStringArray>
['JINGLE BELL HEART ANTIQUE GOLD', 'BELL HEART ANTIQUE GOLD']
Length: 2, dtype: str"
23229,"<ArrowStringArray>
['VINTAGE DONKEY TAIL GAME', 'DONKEY TAIL GAME']
Length: 2, dtype: str"
23231,"<ArrowStringArray>
['WRAP DOILEY DESIGN', 'WRAP  VINTAGE DOILEY', 'WRAP  VINTAGE DOILY']
Length: 3, dtype: str"
23232,"<ArrowStringArray>
['WRAP VINTAGE PETALS  DESIGN', 'WRAP VINTAGE LEAF DESIGN']
Length: 2, dtype: str"
23235,"<ArrowStringArray>
['STORAGE TIN VINTAGE LEAF', 'BISCUIT TIN VINTAGE LEAF']
Length: 2, dtype: str"
23236,"<ArrowStringArray>
[        'DOILEY STORAGE TIN',         'DOILEY BISCUIT TIN',
 'STORAGE TIN VINTAGE DOILEY',  'STORAGE TIN VINTAGE DOILY']
Length: 4, dtype: str"
23237,"<ArrowStringArray>
['SET OF 4 KNICK KNACK TINS LEAVES', 'SET OF 4 KNICK KNACK TINS LEAF']
Length: 2, dtype: str"
23240,"<ArrowStringArray>
[ 'SET OF 4 KNICK KNACK TINS DOILEY',   'SET OF 4 KNICK KNACK TINS DOILY',
 'SET OF 4 KNICK KNACK TINS  DOILEY']
Length: 3, dtype: str"
23244,"<ArrowStringArray>
['ROUND STORAGE TIN VINTAGE LEAF',       'STORAGE TIN VINTAGE LEAF',
  'CANNISTER VINTAGE LEAF DESIGN']
Length: 3, dtype: str"
23249,"<ArrowStringArray>
['VINTAGE RED ENAMEL TRIM PLATE', 'ENAMEL DINNER PLATE PANTRY']
Length: 2, dtype: str"
23250,"<ArrowStringArray>
['VINTAGE RED TRIM ENAMEL BOWL', 'ENAMEL BOWL PANTRY']
Length: 2, dtype: str"
23251,"<ArrowStringArray>
['VINTAGE RED ENAMEL TRIM MUG', 'ENAMEL MUG PANTRY']
Length: 2, dtype: str"
23252,"<ArrowStringArray>
['VINTAGE RED ENAMEL TRIM JUG', 'ENAMEL JUG PANTRY']
Length: 2, dtype: str"
23253,"<ArrowStringArray>
['16 PIECE CUTLERY SET PANTRY DESIGN', '16 PC CUTLERY SET PANTRY DESIGN']
Length: 2, dtype: str"
23254,"<ArrowStringArray>
['CHILDRENS CUTLERY DOLLY GIRL', 'KIDS CUTLERY DOLLY GIRL']
Length: 2, dtype: str"
23256,"<ArrowStringArray>
['CHILDRENS CUTLERY SPACEBOY', 'KIDS CUTLERY SPACEBOY']
Length: 2, dtype: str"
23268,"<ArrowStringArray>
['SET OF 2 CERAMIC CHRISTMAS REINDEER', 'LIGHTHOUSE TRADING ZERO INVC INCORR',
                                   nan]
Length: 3, dtype: str"
23271,"<ArrowStringArray>
['CHRISTMAS TABLE CANDLE SILVER SPIKE', 'CHRISTMAS TABLE SILVER CANDLE SPIKE']
Length: 2, dtype: str"
23280,"<ArrowStringArray>
['FOLDING BUTTERFLY MIRROR HOT PINK', 'FOLDING MIRROR HOT PINK']
Length: 2, dtype: str"
23281,"<ArrowStringArray>
['FOLDING BUTTERFLY MIRROR RED', 'FOLDING MIRROR RED']
Length: 2, dtype: str"
23282,"<ArrowStringArray>
['FOLDING BUTTERFLY MIRROR IVORY', 'FOLDING MIRROR IVORY']
Length: 2, dtype: str"
23283,"<ArrowStringArray>
['DOORMAT VINTAGE LEAVES DESIGN', 'DOORMAT VINTAGE LEAF', nan]
Length: 3, dtype: str"
23284,"<ArrowStringArray>
['DOORMAT KEEP CALM AND COME IN', nan]
Length: 2, dtype: str"
23292,"<ArrowStringArray>
['SPACE BOY CHILDRENS CUP', 'SPACEBOY CHILDRENS CUP']
Length: 2, dtype: str"
23298,"<ArrowStringArray>
['SPOTTY BUNTING', 'BUNTING , SPOTTY']
Length: 2, dtype: str"
23299,"<ArrowStringArray>
['FOOD COVER WITH BEADS SET 2', 'FOOD COVER WITH BEADS , SET 2 SIZES']
Length: 2, dtype: str"
23306,"<ArrowStringArray>
['SET OF 36 DOILIES PANTRY DESIGN', nan, 'SET OF 36 PANTRY PAPER DOILIES']
Length: 3, dtype: str"
23324,"<ArrowStringArray>
['RUSTIC STRAWBERRY JAMPOT LARGE', 'RUSTIC STRAWBERRY JAM POT LARGE']
Length: 2, dtype: str"
23325,"<ArrowStringArray>
['RUSTIC STRAWBERRY JAMPOT SMALL', 'RUSTIC STRAWBERRY JAM POT SMALL']
Length: 2, dtype: str"
23342,"<ArrowStringArray>
['MINT DINER WALL CLOCK', 'MINT DINER CLOCK']
Length: 2, dtype: str"
23343,"<ArrowStringArray>
['JUMBO BAG VINTAGE CHRISTMAS', 'CAME CODED AS 20713', 'WRONGLY CODED 20713']
Length: 3, dtype: str"
23348,"<ArrowStringArray>
[nan, 'CHILDRENS TOY COOKING UTENSIL SET', 'CHECK']
Length: 3, dtype: str"
23359,"<ArrowStringArray>
['SET OF 12 T-LIGHTS VINTAGE DOILEY', 'SET OF 12 T-LIGHTS VINTAGE DOILY']
Length: 2, dtype: str"
23360,"<ArrowStringArray>
['SET 8 CANDLES VINTAGE DOILEY', 'SET 8 CANDLES VINTAGE DOILY']
Length: 2, dtype: str"
23366,"<ArrowStringArray>
[ 'SET 12 COLOURING PENCILS DOILY',    'SET 12 COLOUR PENCILS DOILEY',
 'SET 12 COLOURING PENCILS DOILEY']
Length: 3, dtype: str"
23370,"<ArrowStringArray>
[   'SET 36 COLOUR PENCILS DOILEY',  'SET 36 COLOURING PENCILS DOILY',
 'SET 36 COLOURING PENCILS DOILEY']
Length: 3, dtype: str"
23380,"<ArrowStringArray>
['PACK OF 12 VINTAGE DOILY TISSUES', 'PACK OF 12 DOILEY TISSUES']
Length: 2, dtype: str"
23388,"<ArrowStringArray>
['WOODLAND MINI BACKPACK', 'WOODLAND MINI RUCKSACK']
Length: 2, dtype: str"
23389,"<ArrowStringArray>
['SPACEBOY MINI BACKPACK', 'SPACEBOY MINI RUCKSACK']
Length: 2, dtype: str"
23390,"<ArrowStringArray>
['DOLLY GIRL MINI BACKPACK', 'DOLLY GIRL MINI RUCKSACK']
Length: 2, dtype: str"
23391,"<ArrowStringArray>
['I LOVE LONDON MINI BACKPACK', 'I LOVE LONDON MINI RUCKSACK']
Length: 2, dtype: str"
23396,"<ArrowStringArray>
[          'BUTTERFLY CUSHION COVER', 'LA JARDIN BOTANIQUE CUSHION COVER',
 'LE JARDIN BOTANIQUE CUSHION COVER']
Length: 3, dtype: str"
23400,"<ArrowStringArray>
['SHELF WITH 4 HOOKS HOME SWEET HOME', nan]
Length: 2, dtype: str"
23402,"<ArrowStringArray>
['HOME SWEEET HOME 3 PEG HANGER', 'HOME SWEET HOME 3 PEG HANGER']
Length: 2, dtype: str"
23404,"<ArrowStringArray>
['HOME SWEET HOME BLACKBOARD', 'CHECK']
Length: 2, dtype: str"
23406,"<ArrowStringArray>
['HOME SWEET HOME KEY HOLDER', nan]
Length: 2, dtype: str"
23412,"<ArrowStringArray>
['HEART MIRROR ANTIQUE WHITE', nan]
Length: 2, dtype: str"
23413,"<ArrowStringArray>
[         'VINTAGE COFFEE GRINDER BOX', 'DECROTIVEVINTAGE COFFEE GRINDER BOX',
      'DECORATIVE VINTAGE COFFEE  BOX']
Length: 3, dtype: str"
23436,"<ArrowStringArray>
['GIFT BAG LARGE VINTAGE CHRISTMAS', 'VINTAGE CHRISTMAS GIFT BAG LARGE']
Length: 2, dtype: str"
23437,"<ArrowStringArray>
['50'S CHRISTMAS GIFT BAG LARGE', 'GIFT BAG LARGE 50'S CHRISTMAS']
Length: 2, dtype: str"
23438,"<ArrowStringArray>
['RED SPOT GIFT BAG LARGE', 'GIFT BAG LARGE SPOT']
Length: 2, dtype: str"
23444,"<ArrowStringArray>
[nan, 'NEXT DAY CARRIAGE']
Length: 2, dtype: str"
23454,"<ArrowStringArray>
['SET OF 3 MINI HANGING PORTRAITS', 'THREE MINI HANGING FRAMES']
Length: 2, dtype: str"
23455,"<ArrowStringArray>
['SMALL PARLOUR PICTURE FRAME', 'SMALL PARLOUR FRAME']
Length: 2, dtype: str"
23456,"<ArrowStringArray>
['MEDIUM PARLOUR PICTURE FRAME', 'MEDIUM PARLOUR FRAME']
Length: 2, dtype: str"
23457,"<ArrowStringArray>
['LARGE PARLOUR PICTURE FRAME', 'LARGE PARLOUR FRAME']
Length: 2, dtype: str"
23462,"<ArrowStringArray>
['ROCOCO WALL MIRROR WHITE', 'ROCOCO WALL MIROR']
Length: 2, dtype: str"
23465,"<ArrowStringArray>
['TUSCAN VILLA FEEDING STATION', 'TUSCAN VILLA BIRD FEEDER']
Length: 2, dtype: str"
23466,"<ArrowStringArray>
['TUSCAN VILLA DOVECOTE', 'TUSCAN VILLA DOVECOTE BIRD FEEDER']
Length: 2, dtype: str"
23484,"<ArrowStringArray>
['HEART TRELLISTRIPLE T-LIGHT HOLDER', 'HEART TRELLIS TRIPLE T-LIGHT HOLDER']
Length: 2, dtype: str"
23489,"<ArrowStringArray>
['GARLAND, VINTAGE BELLS', 'VINTAGE BELLS GARLAND']
Length: 2, dtype: str"
23497,"<ArrowStringArray>
['CLASSIC CHROME BICYCLE BELL', 'CLASSIC CROME BICYCLE BELL']
Length: 2, dtype: str"
23502,"<ArrowStringArray>
['PLAYING CARDS VINTAGE DOILEY', 'PLAYING CARDS VINTAGE DOILY']
Length: 2, dtype: str"
23521,"<ArrowStringArray>
['CAT AND BIRD WALL ART', 'WALL ART CAT AND BIRD']
Length: 2, dtype: str"
23522,"<ArrowStringArray>
['DOG AND BALL WALL ART', 'WALL ART DOG AND BALL']
Length: 2, dtype: str"
23523,"<ArrowStringArray>
['TREASURE AHOY WALL ART', 'WALL ART TREASURE AHOY']
Length: 2, dtype: str"
23524,"<ArrowStringArray>
['HORSE & PONY WALL ART', 'WALL ART HORSE & PONY']
Length: 2, dtype: str"
23525,"<ArrowStringArray>
['BUFFALO BILL WALL ART', 'WALL ART BUFFALO BILL']
Length: 2, dtype: str"
23526,"<ArrowStringArray>
['DOG LICENCE WALL ART', 'WALL ART DOG LICENCE']
Length: 2, dtype: str"
23527,"<ArrowStringArray>
['ANIMALS AND NATURE WALL ART', 'WALL ART ANIMALS AND NATURE']
Length: 2, dtype: str"
23528,"<ArrowStringArray>
['SPACEBOY WALL ART', 'WALL ART SPACEBOY']
Length: 2, dtype: str"
23529,"<ArrowStringArray>
['DOLLY GIRL WALL ART', 'WALL ART DOLLY GIRL']
Length: 2, dtype: str"
23530,"<ArrowStringArray>
['WALL ART ONLY ONE PERSON', 'WALL ART,ONLY ONE PERSON']
Length: 2, dtype: str"
23534,"<ArrowStringArray>
['STOP FOR TEA WALL ART', 'WALL ART STOP FOR TEA']
Length: 2, dtype: str"
23535,"<ArrowStringArray>
['BICYCLE SAFTEY WALL ART', 'WALL ART BICYCLE SAFTEY',
 'WALL ART BICYCLE SAFETY']
Length: 3, dtype: str"
23536,"<ArrowStringArray>
['VILLAGE SHOW WALL ART', 'WALL ART VILLAGE SHOW']
Length: 2, dtype: str"
23537,"<ArrowStringArray>
['I LOVE LONDON WALL ART', 'WALL ART I LOVE LONDON']
Length: 2, dtype: str"
23539,"<ArrowStringArray>
['WALL ART LOVES' SECRET', 'WALL ART , LOVES' SECRET']
Length: 2, dtype: str"
23540,"<ArrowStringArray>
['WALL ART THE MAGIC FOREST', 'WALL ART , THE MAGIC FOREST']
Length: 2, dtype: str"
23541,"<ArrowStringArray>
['WALL ART CLASSIC PUDDINGS', 'WALL ART ,PUDDINGS', nan]
Length: 3, dtype: str"
23542,"<ArrowStringArray>
['70'S ALPHABET WALL ART', 'WALL ART 70'S ALPHABET']
Length: 2, dtype: str"
23543,"<ArrowStringArray>
['KEEP CALM WALL ART', 'WALL ART KEEP CALM']
Length: 2, dtype: str"
23545,"<ArrowStringArray>
['WRAP RED DOILEY', 'WRAP RED VINTAGE DOILY']
Length: 2, dtype: str"
23574,"<ArrowStringArray>
[nan, 'PACKING CHARGE']
Length: 2, dtype: str"
23579,"<ArrowStringArray>
['SNACK TRAY I LOVE LONDON', 'SALE ERROR', nan]
Length: 3, dtype: str"
23691,"<ArrowStringArray>
['KEEP CALM BIRTHDAY WRAP', 'WRAP KEEP CALM BIRTHDAY']
Length: 2, dtype: str"
23702,"<ArrowStringArray>
[nan, 'HIGH RESOLUTION IMAGE']
Length: 2, dtype: str"
35004P,"<ArrowStringArray>
['SET OF 3 PINK FLYING DUCKS', nan]
Length: 2, dtype: str"
35400,"<ArrowStringArray>
['WOODEN BOX ADVENT CALENDAR', nan]
Length: 2, dtype: str"
35597D,"<ArrowStringArray>
['PINK/WHITE CHRISTMAS TREE 30CM', nan]
Length: 2, dtype: str"
35598A,"<ArrowStringArray>
[nan, 'DUSTY PINK CHRISTMAS TREE 60CM']
Length: 2, dtype: str"
35598C,"<ArrowStringArray>
['FOUND', 'WHITE CHRISTMAS TREE 60CM']
Length: 2, dtype: str"
35607A,"<ArrowStringArray>
['PINK FLUFFY CHRISTMAS DECORATION', nan]
Length: 2, dtype: str"
35645,"<ArrowStringArray>
[nan, 'VINTAGE BEAD PINK JEWEL BOX']
Length: 2, dtype: str"
35653,"<ArrowStringArray>
['VINTAGE BEAD NOTEBOOK', nan]
Length: 2, dtype: str"
35809B,"<ArrowStringArray>
[nan, 'ENAMEL BLUE RIM TEA CONTAINER']
Length: 2, dtype: str"
35810B,"<ArrowStringArray>
['ENAMEL BLUE RIM COFFEE CONTAINER', nan]
Length: 2, dtype: str"
35815P,"<ArrowStringArray>
['ACRYLIC JEWEL SNOWFLAKE, PINK', nan]
Length: 2, dtype: str"
35817P,"<ArrowStringArray>
['ACRYLIC JEWEL SNOWFLAKE,PINK', 'PINK ACRYLIC JEWEL SNOWFLAKE']
Length: 2, dtype: str"
35819B,"<ArrowStringArray>
['ACRYLIC HANGING JEWEL,BLUE', nan, 'CHECK']
Length: 3, dtype: str"
35819P,"<ArrowStringArray>
[nan, 'ACRYLIC HANGING JEWEL,PINK']
Length: 2, dtype: str"
35911A,"<ArrowStringArray>
['MULTICOLOUR RABBIT EGG WARMER', nan]
Length: 2, dtype: str"
35914,"<ArrowStringArray>
['PINK CHICK EGG WARMER + EGG CUP', nan]
Length: 2, dtype: str"
35915C,"<ArrowStringArray>
['PEACH KNITTED HEN', nan]
Length: 2, dtype: str"
35916B,"<ArrowStringArray>
['BLUE FELT HANGING HEART W FLOWER', 'BLUE FELT HANGING HEART WITH FLOWER']
Length: 2, dtype: str"
35933,"<ArrowStringArray>
['PINK STOCKING CHRISTMAS DECORATION', nan]
Length: 2, dtype: str"
35954,"<ArrowStringArray>
['SMALL FOLKART STAR CHRISTMAS DEC', 'CHECK']
Length: 2, dtype: str"
35957,"<ArrowStringArray>
['SMALLFOLKART BAUBLE CHRISTMAS DEC', nan]
Length: 2, dtype: str"
35958,"<ArrowStringArray>
['FOLKART ZINC STAR CHRISTMAS DEC', nan]
Length: 2, dtype: str"
35965,"<ArrowStringArray>
['FOLKART HEART NAPKIN RINGS', nan, 'FOUND', 'DOTCOM']
Length: 4, dtype: str"
35966,"<ArrowStringArray>
['FOLKART CHRISTMAS TREE T-LIGHT HOLD', nan]
Length: 2, dtype: str"
35968,"<ArrowStringArray>
['FOLK ART METAL HEART T-LIGHT HOLDER', 'FOUND', 'CHECK']
Length: 3, dtype: str"
37327,"<ArrowStringArray>
['ASSTD MULTICOLOUR CIRCLES MUG', nan, 'ADJUSTMENT']
Length: 3, dtype: str"
37342,"<ArrowStringArray>
['POLKADOT COFFEE CUP & SAUCER PINK', nan]
Length: 2, dtype: str"
37370,"<ArrowStringArray>
['RETRO COFFEE MUGS ASSORTED', nan]
Length: 2, dtype: str"
37413,"<ArrowStringArray>
[nan, 'ICON MUG REVOLUTIONARY']
Length: 2, dtype: str"
37444A,"<ArrowStringArray>
['YELLOW BREAKFAST CUP AND SAUCER', nan]
Length: 2, dtype: str"
37444B,"<ArrowStringArray>
['BLUE BREAKFAST CUP AND SAUCER', nan]
Length: 2, dtype: str"
37444C,"<ArrowStringArray>
['PINK BREAKFAST CUP AND SAUCER', nan]
Length: 2, dtype: str"
37461,"<ArrowStringArray>
[nan, 'FUNKY MONKEY MUG']
Length: 2, dtype: str"
37467,"<ArrowStringArray>
['PIG MUG IN TWO COLOUR DESIGNS', nan]
Length: 2, dtype: str"
37468,"<ArrowStringArray>
['HARDMAN MUG 3 ASSORTED', nan]
Length: 2, dtype: str"
37474,"<ArrowStringArray>
['SET/4 2 TONE EGG SHAPE MIXING BOWLS', nan]
Length: 2, dtype: str"
37479B,"<ArrowStringArray>
['CUBIC MUG FLOCK BLUE ON BROWN', nan]
Length: 2, dtype: str"
37489A,"<ArrowStringArray>
['YELLOW/PINK FLOWER DESIGN BIG MUG', nan]
Length: 2, dtype: str"
37501,"<ArrowStringArray>
['TEA TIME TEA SET IN GIFT BOX', nan]
Length: 2, dtype: str"
37509,"<ArrowStringArray>
[nan, 'NEW ENGLAND MUG W GIFT BOX']
Length: 2, dtype: str"
40046A,"<ArrowStringArray>
['RED DAISY PAPER LAMPSHADE', nan]
Length: 2, dtype: str"
44235,"<ArrowStringArray>
['ASS COL CIRCLE MOBILE', 'ASSORTED COLOURED CIRCLE MOBILE']
Length: 2, dtype: str"
44265,"<ArrowStringArray>
['M/COLOUR POM-POM CURTAIN', nan]
Length: 2, dtype: str"
46000U,"<ArrowStringArray>
['POLYESTER FILLER PAD 30CMX30CM', 'CHECK']
Length: 2, dtype: str"
46775D,"<ArrowStringArray>
['SUNSET COLOUR CHUNKY KNITTED THROW', nan]
Length: 2, dtype: str"
47013C,"<ArrowStringArray>
['WINE BOTTLE DRESSING DARK BLUE', nan]
Length: 2, dtype: str"
47021G,"<ArrowStringArray>
['SET/6 BEAD COASTERS GAUZE BAG GOLD', nan]
Length: 2, dtype: str"
47310M,"<ArrowStringArray>
['SMALL POP BOX,FUNKY MONKEY', 'SMALL POP BOX FUNKY MONKEY']
Length: 2, dtype: str"
47503A,"<ArrowStringArray>
['ASS FLORAL PRINT MULTI SCREWDRIVER', 'CHECK']
Length: 2, dtype: str"
47503H,"<ArrowStringArray>
['ASS FLORAL PRINT SPIRIT LEVEL', 'FOUND']
Length: 2, dtype: str"
47504K,"<ArrowStringArray>
['ENGLISH ROSE GARDEN SECATEURS', nan]
Length: 2, dtype: str"
47556B,"<ArrowStringArray>
['TEA TIME TEA TOWELS', 'DID  A CREDIT  AND DID NOT TICK RET']
Length: 2, dtype: str"
47566B,"<ArrowStringArray>
['TEA TIME PARTY BUNTING', 'INCORRECTLY CREDITED C550456 SEE 47']
Length: 2, dtype: str"
47570B,"<ArrowStringArray>
['TEA TIME TABLE CLOTH', nan]
Length: 2, dtype: str"
47589,"<ArrowStringArray>
['CONGRATULATIONS BUNTING', nan]
Length: 2, dtype: str"
47591B,"<ArrowStringArray>
['SCOTTIES CHILDRENS APRON', nan]
Length: 2, dtype: str"
47593A,"<ArrowStringArray>
['CAROUSEL PONIES BABY BIB', 'FOUND', nan]
Length: 3, dtype: str"
48116,"<ArrowStringArray>
['DOORMAT MULTICOLOUR STRIPE', nan]
Length: 2, dtype: str"
48189,"<ArrowStringArray>
['DOORMAT FRIENDSHIP', 'ADJUSTMENT']
Length: 2, dtype: str"
51020A,"<ArrowStringArray>
['SUMMER FUN DESIGN SHOWER CAP', 'ADJUSTMENT']
Length: 2, dtype: str"
62043B,"<ArrowStringArray>
[nan, 'BLUE CHECK BAG W HANDLE 34X20CM']
Length: 2, dtype: str"
71038,"<ArrowStringArray>
['WHITE HANGING BEADS CANDLE HOLDER', nan]
Length: 2, dtype: str"
71053,"<ArrowStringArray>
['WHITE METAL LANTERN', 'WHITE MOROCCAN METAL LANTERN']
Length: 2, dtype: str"
71143,"<ArrowStringArray>
['SILVER BOOK MARK WITH BEADS', 'ANTIQUE SILVER BOOK MARK WITH BEADS']
Length: 2, dtype: str"
71459,"<ArrowStringArray>
['HANGING JAM JAR T-LIGHT HOLDER', 'HANGING JAM JAR T-LIGHT HOLDERS']
Length: 2, dtype: str"
71477,"<ArrowStringArray>
['COLOUR GLASS. STAR T-LIGHT HOLDER', nan,
 'COLOURED GLASS STAR T-LIGHT HOLDER']
Length: 3, dtype: str"
72127,"<ArrowStringArray>
['COLUMBIAN CANDLE ROUND', 'FOUND BOX']
Length: 2, dtype: str"
72709,"<ArrowStringArray>
['IVORY SCULPTED RND CANDLE', nan]
Length: 2, dtype: str"
72800D,"<ArrowStringArray>
['4 BLUE DINNER CANDLES SILVER FLOCK', nan]
Length: 2, dtype: str"
72801G,"<ArrowStringArray>
['4 BURGUNDY WINE DINNER CANDLES', nan]
Length: 2, dtype: str"
72802A,"<ArrowStringArray>
['ROSE SCENT CANDLE IN JEWELLED BOX', 'HAD BEEN PUT ASIDE.']
Length: 2, dtype: str"
72802C,"<ArrowStringArray>
['VANILLA SCENT CANDLE JEWELLED BOX', nan]
Length: 2, dtype: str"
72803A,"<ArrowStringArray>
['ROSE SCENT CANDLE JEWELLED DRAWER', '?']
Length: 2, dtype: str"
72807A,"<ArrowStringArray>
['SET/3 ROSE CANDLE IN JEWELLED BOX', 'AMAZON']
Length: 2, dtype: str"
72817,"<ArrowStringArray>
['SET OF 2 CHRISTMAS DECOUPAGE CANDLE', 'DOTCOMSTOCK', nan]
Length: 3, dtype: str"
72818,"<ArrowStringArray>
['CHRISTMAS DECOUPAGE CANDLE', nan]
Length: 2, dtype: str"
75013B,"<ArrowStringArray>
['STRING OF 8 BUTTERFLIES,PINK', nan]
Length: 2, dtype: str"
77079,"<ArrowStringArray>
['DOLPHIN WINDMILL', nan]
Length: 2, dtype: str"
77101A,"<ArrowStringArray>
['UNION FLAG WINDSOCK', nan]
Length: 2, dtype: str"
79000,"<ArrowStringArray>
['MOROCCAN TEA GLASS', nan]
Length: 2, dtype: str"
79030D,"<ArrowStringArray>
['TUMBLER, BAROQUE', 'TUMBLER BAROQUE', nan]
Length: 3, dtype: str"
79030G,"<ArrowStringArray>
['TUMBLER, NEW ENGLAND', 'TUMBLER NEW ENGLAND']
Length: 2, dtype: str"
79051A,"<ArrowStringArray>
['SMOKEY GREY COLOUR D.O.F. GLASS', 'SMOKEY GREY COLOUR GLASS']
Length: 2, dtype: str"
79062D,"<ArrowStringArray>
[nan, 'RETRO TIN ASHTRAY,REVOLUTIONARY']
Length: 2, dtype: str"
79063C,"<ArrowStringArray>
[nan, 'RETRO PILL BOX KEY CHAIN,THE KING']
Length: 2, dtype: str"
79063D,"<ArrowStringArray>
[nan, 'RETRO PILL BOX , REVOLUTIONARY']
Length: 2, dtype: str"
79161A,"<ArrowStringArray>
[nan, 'ST GEORGE SET OF 10 PARTY LIGHTS']
Length: 2, dtype: str"
79163,"<ArrowStringArray>
['BLACK CHAMPAGNE GLASS', nan]
Length: 2, dtype: str"
79164,"<ArrowStringArray>
['BLACK WINE GLASS', nan]
Length: 2, dtype: str"
79302M,"<ArrowStringArray>
['ART LIGHTS,FUNK MONKEY', nan]
Length: 2, dtype: str"
79321,"<ArrowStringArray>
['CHILLI LIGHTS', nan]
Length: 2, dtype: str"
79336,"<ArrowStringArray>
[nan, 'LIGHT PINK FLOCK GLASS CANDLEHOLDER']
Length: 2, dtype: str"
79337,"<ArrowStringArray>
['BLUE FLOCK GLASS CANDLEHOLDER', nan]
Length: 2, dtype: str"
81950V,"<ArrowStringArray>
['FLOWER PURPLE CLOCK W/SUCKER', 'FLOWER PURPLE CLOCK WITH SUCKER']
Length: 2, dtype: str"
81952B,"<ArrowStringArray>
['ROUND BLUE CLOCK WITH SUCKER', nan]
Length: 2, dtype: str"
82001S,"<ArrowStringArray>
['VINYL RECORD FRAME SILVER', 'SILVER RECORD COVER FRAME']
Length: 2, dtype: str"
82001s,"<ArrowStringArray>
['VINYL RECORD FRAME SILVER', 'SILVER RECORD COVER FRAME']
Length: 2, dtype: str"
82483,"<ArrowStringArray>
['WOOD 2 DRAWER CABINET WHITE FINISH', nan]
Length: 2, dtype: str"
82486,"<ArrowStringArray>
['WOOD S/3 CABINET ANT WHITE FINISH', '3 DRAWER ANTIQUE WHITE WOOD CABINET']
Length: 2, dtype: str"
82494L,"<ArrowStringArray>
['WOODEN FRAME ANTIQUE WHITE', nan]
Length: 2, dtype: str"
82583,"<ArrowStringArray>
['HOT BATHS METAL SIGN', nan, 'FBA', 'AMAZON']
Length: 4, dtype: str"
82599,"<ArrowStringArray>
['FANNY'S REST STOPMETAL SIGN', nan]
Length: 2, dtype: str"
82600,"<ArrowStringArray>
['NO SINGING METAL SIGN', 'N0 SINGING METAL SIGN', 'CHECK']
Length: 3, dtype: str"
82605,"<ArrowStringArray>
['OLD DOC RUSSEL METAL SIGN', nan]
Length: 2, dtype: str"
82613A,"<ArrowStringArray>
['METAL SIGN,CUPCAKE SINGLE HOOK', 'AMAZON']
Length: 2, dtype: str"
84029E,"<ArrowStringArray>
['RED WOOLLY HOTTIE WHITE HEART.', nan]
Length: 2, dtype: str"
84029G,"<ArrowStringArray>
['KNITTED UNION FLAG HOT WATER BOTTLE', nan]
Length: 2, dtype: str"
84050,"<ArrowStringArray>
['PINK HEART SHAPE EGG FRYING PAN', 'CHECK']
Length: 2, dtype: str"
84227,"<ArrowStringArray>
['HEN HOUSE W CHICK IN NEST', nan]
Length: 2, dtype: str"
84228,"<ArrowStringArray>
['HEN HOUSE W CHICK STANDING', 'HEN HOUSE WITH CHICK STANDING']
Length: 2, dtype: str"
84247E,"<ArrowStringArray>
['PACK/12 XMAS FUN CARD', 'PACK OF 12 CHRISTMAS FUN CARDS', nan]
Length: 3, dtype: str"
84247K,"<ArrowStringArray>
['FOLK ART GREETING CARD,PACK/12', nan]
Length: 2, dtype: str"
84247L,"<ArrowStringArray>
['FAWN AND MUSHROOM GREETING CARD', nan]
Length: 2, dtype: str"
84270,"<ArrowStringArray>
['ASSTD DESIGN BUBBLE GUM RING', nan]
Length: 2, dtype: str"
84279B,"<ArrowStringArray>
[nan, 'CHERRY BLOSSOM DECORATIVE FLASK']
Length: 2, dtype: str"
84279P,"<ArrowStringArray>
['CHERRY BLOSSOM  DECORATIVE FLASK', 'FOUND']
Length: 2, dtype: str"
84306,"<ArrowStringArray>
[nan, 'S/3 PINK SQUARE PLANTERS ROSES']
Length: 2, dtype: str"
84313C,"<ArrowStringArray>
['ORANGE TV TRAY TABLE', nan]
Length: 2, dtype: str"
84387A,"<ArrowStringArray>
[nan, 'BIRD ON BRANCH CANVAS SCREEN']
Length: 2, dtype: str"
84388,"<ArrowStringArray>
['WISE MAN STAR SHAPE EGG PAN', nan]
Length: 2, dtype: str"
84402B,"<ArrowStringArray>
['PURPLE DRESS JEWELLERY STAND', nan]
Length: 2, dtype: str"
84452,"<ArrowStringArray>
[nan, 'METAL RABBIT LADDER EASTER']
Length: 2, dtype: str"
84459B,"<ArrowStringArray>
['YELLOW METAL CHICKEN HEART', nan]
Length: 2, dtype: str"
84497,"<ArrowStringArray>
['BUTTONS AND STRIPES NOTEBOOK', nan]
Length: 2, dtype: str"
84507B,"<ArrowStringArray>
['STRIPES DESIGN MONKEY DOLL', nan]
Length: 2, dtype: str"
84507C,"<ArrowStringArray>
['BLUE CIRCLES DESIGN MONKEY DOLL', 'ADJUSTMENT']
Length: 2, dtype: str"
84531A,"<ArrowStringArray>
['PINK KNITTED EGG COSY', 'RETURNED']
Length: 2, dtype: str"
84531B,"<ArrowStringArray>
['BLUE KNITTED EGG COSY', 'RETURNED']
Length: 2, dtype: str"
84534B,"<ArrowStringArray>
['FAIRY CAKE NOTEBOOK A5 SIZE', nan]
Length: 2, dtype: str"
84535A,"<ArrowStringArray>
[nan, 'ENGLISH ROSE NOTEBOOK A6 SIZE']
Length: 2, dtype: str"
84539,"<ArrowStringArray>
['KNITTED RABBIT DOLL', nan]
Length: 2, dtype: str"
84548,"<ArrowStringArray>
['CROCHET BEAR RED/BLUE  KEYRING', nan]
Length: 2, dtype: str"
84562A,"<ArrowStringArray>
['PINK/WHITE RIBBED MELAMINE JUG', nan]
Length: 2, dtype: str"
84595E,"<ArrowStringArray>
['LARGE TORTILLA DESIGN RED BOWL', nan]
Length: 2, dtype: str"
84596E,"<ArrowStringArray>
['SMALL LICORICE DES PINK BOWL', nan]
Length: 2, dtype: str"
84596G,"<ArrowStringArray>
['SMALL CHOCOLATES PINK BOWL', nan]
Length: 2, dtype: str"
84596J,"<ArrowStringArray>
['MIXED NUTS LIGHT GREEN BOWL', nan]
Length: 2, dtype: str"
84659A,"<ArrowStringArray>
['WHITE TRAVEL ALARM CLOCK', 'CHECK']
Length: 2, dtype: str"
84660A,"<ArrowStringArray>
['WHITE STITCHED WALL CLOCK', nan]
Length: 2, dtype: str"
84660C,"<ArrowStringArray>
['PINK STITCHED WALL CLOCK', nan]
Length: 2, dtype: str"
84663A,"<ArrowStringArray>
['GRASS HOPPER WOODEN WALL CLOCK', nan]
Length: 2, dtype: str"
84675,"<ArrowStringArray>
[nan, 'FROG KING WATERING CAN']
Length: 2, dtype: str"
84685,"<ArrowStringArray>
['BEACH HUT KEY CABINET', nan]
Length: 2, dtype: str"
84686,"<ArrowStringArray>
['BEACH HUT MIRROR', nan]
Length: 2, dtype: str"
84688,"<ArrowStringArray>
[nan, 'BEACH HUT DESIGN BLACKBOARD']
Length: 2, dtype: str"
84689,"<ArrowStringArray>
[nan, 'S/2 BEACH HUT TREASURE CHESTS']
Length: 2, dtype: str"
84691,"<ArrowStringArray>
['PACK 20 DOLLY PEGS', nan]
Length: 2, dtype: str"
84709B,"<ArrowStringArray>
['PINK OVAL JEWELLED MIRROR', nan]
Length: 2, dtype: str"
84741C,"<ArrowStringArray>
['CITRUS GARLAND FELT FLOWERS', nan]
Length: 2, dtype: str"
84746,"<ArrowStringArray>
[nan, 'PINK EASTER HENS+FLOWER']
Length: 2, dtype: str"
84760S,"<ArrowStringArray>
['SMALL HANGING GLASS+ZINC LANTERN', nan]
Length: 2, dtype: str"
84773,"<ArrowStringArray>
['RED ROSE AND LACE C/COVER', nan]
Length: 2, dtype: str"
84789,"<ArrowStringArray>
['ENCHANTED BIRD PLANT CAGE', nan]
Length: 2, dtype: str"
84795C,"<ArrowStringArray>
['OCEAN STRIPE HAMMOCK', nan]
Length: 2, dtype: str"
84796B,"<ArrowStringArray>
['BLUE SAVANNAH PICNIC HAMPER FOR 2', nan]
Length: 2, dtype: str"
84802A,"<ArrowStringArray>
[nan, 'WHITE ANEMONE ARTIFICIAL FLOWER']
Length: 2, dtype: str"
84823,"<ArrowStringArray>
['DANISH ROSE FOLDING CHAIR', nan]
Length: 2, dtype: str"
84828,"<ArrowStringArray>
['JUNGLE POPSICLES ICE LOLLY HOLDERS', 'JUNGLE POPSICLES ICE LOLLY MOULDS']
Length: 2, dtype: str"
84840,"<ArrowStringArray>
['SWEETHEART CARRY-ALL BASKET', nan]
Length: 2, dtype: str"
84847,"<ArrowStringArray>
['FLORAL BATHROOM SET', nan]
Length: 2, dtype: str"
84849D,"<ArrowStringArray>
['HOT BATHS SOAP HOLDER', nan]
Length: 2, dtype: str"
84857B,"<ArrowStringArray>
[nan, 'BLUE MONTE CARLO HANDBAG']
Length: 2, dtype: str"
84857C,"<ArrowStringArray>
['PINK MONTE CARLO HANDBAG', nan]
Length: 2, dtype: str"
84858C,"<ArrowStringArray>
['PINK RIVIERA HANDBAG', nan]
Length: 2, dtype: str"
84873A,"<ArrowStringArray>
[nan, 'FUNKY FLOWER PICNIC BAG FOR 4']
Length: 2, dtype: str"
84875D,"<ArrowStringArray>
['BLUE SQUARE COMPACT MIRROR', 'FOUND']
Length: 2, dtype: str"
84876B,"<ArrowStringArray>
['GREEN HEART COMPACT MIRROR', 'FOUND']
Length: 2, dtype: str"
84877D,"<ArrowStringArray>
['BLUE ROUND COMPACT MIRROR', 'FOUND']
Length: 2, dtype: str"
84906,"<ArrowStringArray>
['PINK B'FLY C/COVER W BOBBLES', nan, 'PINK BUTTERFLY CUSHION COVER']
Length: 3, dtype: str"
84912A,"<ArrowStringArray>
['PINK ROSE WASHBAG', nan]
Length: 2, dtype: str"
84917,"<ArrowStringArray>
['WHITE HAND TOWEL WITH BUTTERFLY', nan]
Length: 2, dtype: str"
84921,"<ArrowStringArray>
['CREAM AND PINK FLOWERS PONY', nan]
Length: 2, dtype: str"
84925F,"<ArrowStringArray>
['PSYCHEDELIC WALL THERMOMETER', nan]
Length: 2, dtype: str"
84929,"<ArrowStringArray>
['ASSTD FRUIT+FLOWERS FRIDGE MAGNETS', 'FOUND']
Length: 2, dtype: str"
84944,"<ArrowStringArray>
['SET OF 6 KASHMIR FOLKART BAUBLES', 'FOUND', nan, 'MICHEL OOPS']
Length: 4, dtype: str"
84946,"<ArrowStringArray>
['ANTIQUE SILVER TEA GLASS ETCHED', 'ANTIQUE SILVER T-LIGHT GLASS']
Length: 2, dtype: str"
84952C,"<ArrowStringArray>
[nan, 'MIRROR LOVE BIRD T-LIGHT HOLDER']
Length: 2, dtype: str"
84968B,"<ArrowStringArray>
['SET OF 16 VINTAGE IVORY CUTLERY', nan]
Length: 2, dtype: str"
84977,"<ArrowStringArray>
[nan, 'WIRE FLOWER T-LIGHT HOLDER']
Length: 2, dtype: str"
84988,"<ArrowStringArray>
['SET OF 72 PINK HEART PAPER DOILIES', '?']
Length: 2, dtype: str"
84989A,"<ArrowStringArray>
['75 GREEN FAIRY CAKE CASES', nan]
Length: 2, dtype: str"
84990,"<ArrowStringArray>
['60 GOLD AND SILVER FAIRY CAKE CASES', nan]
Length: 2, dtype: str"
84997A,"<ArrowStringArray>
['GREEN 3 PIECE POLKADOT CUTLERY SET', 'CHILDRENS CUTLERY POLKADOT GREEN']
Length: 2, dtype: str"
84997B,"<ArrowStringArray>
['RED 3 PIECE RETROSPOT CUTLERY SET', 'CHILDRENS CUTLERY RETROSPOT RED']
Length: 2, dtype: str"
84997C,"<ArrowStringArray>
['BLUE 3 PIECE POLKADOT CUTLERY SET', 'CHILDRENS CUTLERY POLKADOT BLUE']
Length: 2, dtype: str"
84997D,"<ArrowStringArray>
['PINK 3 PIECE POLKADOT CUTLERY SET', 'CHILDRENS CUTLERY POLKADOT PINK']
Length: 2, dtype: str"
84997a,"<ArrowStringArray>
['GREEN 3 PIECE POLKADOT CUTLERY SET', 'CHILDRENS CUTLERY POLKADOT GREEN']
Length: 2, dtype: str"
84997b,"<ArrowStringArray>
['RED 3 PIECE RETROSPOT CUTLERY SET', 'CHILDRENS CUTLERY RETROSPOT RED']
Length: 2, dtype: str"
84997c,"<ArrowStringArray>
['BLUE 3 PIECE POLKADOT CUTLERY SET', 'CHILDRENS CUTLERY POLKADOT BLUE']
Length: 2, dtype: str"
84997d,"<ArrowStringArray>
['PINK 3 PIECE POLKADOT CUTLERY SET', 'CHILDRENS CUTLERY POLKADOT PINK']
Length: 2, dtype: str"
85008,"<ArrowStringArray>
['SET OF 3 CONEY ISLAND OVAL BOXES', nan]
Length: 2, dtype: str"
85016,"<ArrowStringArray>
['SET OF 6 VINTAGE NOTELETS KIT', nan]
Length: 2, dtype: str"
85017B,"<ArrowStringArray>
['ENVELOPE 50 BLOSSOM IMAGES', nan]
Length: 2, dtype: str"
85017C,"<ArrowStringArray>
['ENVELOPE 50 CURIOUS IMAGES', 'FOUND', 'ADJUSTMENT']
Length: 3, dtype: str"
85019B,"<ArrowStringArray>
['BLOSSOM  IMAGES NOTEBOOK SET', 'CHECK']
Length: 2, dtype: str"
85025C,"<ArrowStringArray>
['PINK HEART SHAPE PHOTO FRAME', nan]
Length: 2, dtype: str"
85027L,"<ArrowStringArray>
['FRENCH CHATEAU LARGE PLATTER', nan]
Length: 2, dtype: str"
85028L,"<ArrowStringArray>
[nan, 'FRENCH CHATEAU LARGE FRUIT BOWL']
Length: 2, dtype: str"
85028S,"<ArrowStringArray>
[nan, 'FRENCH CHATEAU SMALL FRUITBOWL']
Length: 2, dtype: str"
85032D,"<ArrowStringArray>
['YULETIDE IMAGES GIFT WRAP SET', nan]
Length: 2, dtype: str"
85034A,"<ArrowStringArray>
['3 GARDENIA MORRIS BOXED CANDLES', 'CHECK']
Length: 2, dtype: str"
85045,"<ArrowStringArray>
['GREEN CHRISTMAS TREE STRING 20LIGHT', nan]
Length: 2, dtype: str"
85049B,"<ArrowStringArray>
['LUSH GREENS RIBBONS', nan, 'AMAZON']
Length: 3, dtype: str"
85049D,"<ArrowStringArray>
['BRIGHT BLUES RIBBONS', nan]
Length: 2, dtype: str"
85054,"<ArrowStringArray>
['FRENCH ENAMEL POT W LID', 'FOUND']
Length: 2, dtype: str"
85084,"<ArrowStringArray>
['HOLLY TOP CHRISTMAS STOCKING', nan]
Length: 2, dtype: str"
85086A,"<ArrowStringArray>
['CANDY SPOT HEART DECORATION', nan]
Length: 2, dtype: str"
85096,"<ArrowStringArray>
['HILDA CANDY SPOT RABBIT', nan]
Length: 2, dtype: str"
85099F,"<ArrowStringArray>
['JUMBO BAG STRAWBERRY', nan]
Length: 2, dtype: str"
85106,"<ArrowStringArray>
['CUT GLASS HEXAGON T-LIGHT HOLDER', nan]
Length: 2, dtype: str"
85107,"<ArrowStringArray>
['CUT GLASS T-LIGHT HOLDER OCTAGON', nan, 'CHECK?']
Length: 3, dtype: str"
85123A,"<ArrowStringArray>
['WHITE HANGING HEART T-LIGHT HOLDER', '?',
 'CREAM HANGING HEART T-LIGHT HOLDER']
Length: 3, dtype: str"
85125,"<ArrowStringArray>
['SMALL ROUND CUT GLASS CANDLESTICK', nan]
Length: 2, dtype: str"
85127,"<ArrowStringArray>
['SMALL SQUARE CUT GLASS CANDLESTICK', 'FOUND']
Length: 2, dtype: str"
85135A,"<ArrowStringArray>
['YELLOW DRAGONFLY HELICOPTER', nan]
Length: 2, dtype: str"
85135B,"<ArrowStringArray>
['BLUE DRAGONFLY HELICOPTER', 'FOUND', 'CHECK', nan]
Length: 4, dtype: str"
85135C,"<ArrowStringArray>
['RED DRAGONFLY HELICOPTER', 'FOUND']
Length: 2, dtype: str"
85141,"<ArrowStringArray>
['JARDIN ETCHED GLASS FRUITBOWL', nan]
Length: 2, dtype: str"
85144,"<ArrowStringArray>
['JARDIN ETCHED GLASS BUTTER DISH', 'JARDIN ETCHED GLASS CHEESE DISH']
Length: 2, dtype: str"
85145,"<ArrowStringArray>
['JARDIN ETCHED GLASS LARGE BELL JAR', nan]
Length: 2, dtype: str"
85146,"<ArrowStringArray>
['JARDIN ETCHED GLASS SMALL BELL JAR', nan]
Length: 2, dtype: str"
85150,"<ArrowStringArray>
['LADIES & GENTLEMEN METAL SIGN', nan]
Length: 2, dtype: str"
85152,"<ArrowStringArray>
['HAND OVER THE CHOCOLATE   SIGN', nan]
Length: 2, dtype: str"
85170A,"<ArrowStringArray>
['SET/6 IVORY BIRD T-LIGHT CANDLES', nan]
Length: 2, dtype: str"
85175,"<ArrowStringArray>
['CACTI T-LIGHT CANDLES', nan]
Length: 2, dtype: str"
85184C,"<ArrowStringArray>
['S/4 VALENTINE DECOUPAGE HEART BOX', 'SET 4 VALENTINE DECOUPAGE HEART BOX']
Length: 2, dtype: str"
85185B,"<ArrowStringArray>
['PINK HORSE SOCK PUPPET', nan, 'FOUND IN W/HSE',
 'PINK HORSE SOCK PUPPET KIT']
Length: 4, dtype: str"
85185D,"<ArrowStringArray>
['FROG SOCK PUPPET', nan]
Length: 2, dtype: str"
85197,"<ArrowStringArray>
['SET OF 12 MINI BUNNIES IN A BUCKET', nan]
Length: 2, dtype: str"
85200,"<ArrowStringArray>
['BUNNY EGG BOX', nan]
Length: 2, dtype: str"
85206A,"<ArrowStringArray>
['CREAM FELT EASTER EGG BASKET', nan]
Length: 2, dtype: str"
85211,"<ArrowStringArray>
['S/4 GROOVY CAT MAGNETS', nan]
Length: 2, dtype: str"
85213,"<ArrowStringArray>
['MINI  ZINC GARDEN DECORATIONS', nan]
Length: 2, dtype: str"
85214,"<ArrowStringArray>
['TUB 24 PINK FLOWER PEGS', nan]
Length: 2, dtype: str"
85215,"<ArrowStringArray>
['ASSORTED CHEESE FRIDGE MAGNETS', nan]
Length: 2, dtype: str"
85231G,"<ArrowStringArray>
['ORANGE SCENTED SET/9 T-LIGHTS', 'AMAZON']
Length: 2, dtype: str"
85232B,"<ArrowStringArray>
['SET OF 3 BABUSHKA STACKING TINS', nan]
Length: 2, dtype: str"
85232D,"<ArrowStringArray>
['SET/3 DECOUPAGE STACKING TINS', nan]
Length: 2, dtype: str"
90002D,"<ArrowStringArray>
['FLOWER BURST SILVER RING CRYSTAL', nan]
Length: 2, dtype: str"
90005A,"<ArrowStringArray>
['JADE GREEN ENAMEL HAIR COMB', nan]
Length: 2, dtype: str"
90010A,"<ArrowStringArray>
['MIDNIGHT BLUE GLASS/SILVER BRACELET', nan]
Length: 2, dtype: str"
90014A,"<ArrowStringArray>
['SILVER/MOP ORBIT NECKLACE', 'SILVER M.O.P. ORBIT NECKLACE']
Length: 2, dtype: str"
90014B,"<ArrowStringArray>
['GOLD M PEARL  ORBIT NECKLACE', 'GOLD M.O.P. ORBIT NECKLACE']
Length: 2, dtype: str"
90014C,"<ArrowStringArray>
['SILVER/BLACK ORBIT NECKLACE', 'SILVER AND BLACK ORBIT NECKLACE']
Length: 2, dtype: str"
90042C,"<ArrowStringArray>
[nan, 'FRESHWATER PEARL BRACELET IVORY']
Length: 2, dtype: str"
90082B,"<ArrowStringArray>
['DIAMANTE BOW BROOCH RED COLOUR', nan]
Length: 2, dtype: str"
90084,"<ArrowStringArray>
['PINK CRYSTAL GUITAR PHONE CHARM', nan]
Length: 2, dtype: str"
90104,"<ArrowStringArray>
['PURPLE FRANGIPANI HAIRCLIP', nan]
Length: 2, dtype: str"
90112,"<ArrowStringArray>
['PINK DOLLY HAIR CLIPS', nan]
Length: 2, dtype: str"
90167,"<ArrowStringArray>
['BEADED LOVE HEART JEWELLERY SET', nan]
Length: 2, dtype: str"
90200C,"<ArrowStringArray>
['BLUE SWEETHEART BRACELET', nan]
Length: 2, dtype: str"
90209B,"<ArrowStringArray>
['GREEN ENAMEL+GLASS HAIR COMB', nan]
Length: 2, dtype: str"
90209C,"<ArrowStringArray>
['PINK ENAMEL+GLASS HAIR COMB', nan]
Length: 2, dtype: str"
C2,"<ArrowStringArray>
['CARRIAGE', nan]
Length: 2, dtype: str"
DOT,"<ArrowStringArray>
['DOTCOM POSTAGE', nan]
Length: 2, dtype: str"
POST,"<ArrowStringArray>
['POSTAGE', nan]
Length: 2, dtype: str"
gift_0001_10,"<ArrowStringArray>
['DOTCOMGIFTSHOP GIFT VOUCHER £10.00', nan]
Length: 2, dtype: str"
gift_0001_20,"<ArrowStringArray>
['DOTCOMGIFTSHOP GIFT VOUCHER £20.00', 'TO PUSH ORDER THROUGHA S STOCK WAS']
Length: 2, dtype: str"
gift_0001_30,"<ArrowStringArray>
['DOTCOMGIFTSHOP GIFT VOUCHER £30.00', nan]
Length: 2, dtype: str"
