StockCode,Description,ProductCategory,TotalQuantity,TotalRevenue
10123C,HEARTS WRAPPING TAPE,Decor,5.0,3.25
15060B,FAIRY CAKE DESIGN UMBRELLA,Kitchen,492.0,1811.3
15060b,FAIRY CAKE DESIGN UMBRELLA,Kitchen,3.0,24.869999999999997
16020C,CLEAR STATIONERY BOX SET,Decor,157.0,69.89999999999999
16046,TEATIME PEN CASE & PENS,Kitchen,65.0,55.24999999999999
16048,TEATIME ROUND PENCIL SHARPENER,Kitchen,1536.0,205.29999999999998
16049,TEATIME GEL PENS ASST,Kitchen,500.0,82.08
16052,TEATIME PUSH DOWN RUBBER,Kitchen,308.0,115.3
16151A,FLOWERS HANDBAG BLUE AND ORANGE,Accessories,106.0,61.25
16156S,WRAP PINK FAIRY CAKES,Kitchen,5300.0,2331.0
16162L,THE KING GIFT BAG,Accessories,20.0,13.0
16162M,THE KING GIFT BAG 25X24X12CM,Accessories,28.0,11.76
16168M,FUNKY MONKEY GIFT BAG MEDIUM,Accessories,443.0,173.12
16169E,WRAP 50'S  CHRISTMAS,Decor,4963.0,1944.96
16206B,RED PURSE WITH PINK HEART,Decor,7.0,8.75
16207A,PINK STRAWBERRY HANDBAG,Accessories,60.0,163.1
16207B,PINK HEART RED HANDBAG,Decor,29.0,76.14
16258A,SWIRLY CIRCULAR RUBBERS IN BAG,Accessories,1049.0,179.39
16259,PIECE OF CAMO STATIONERY SET,Decor,2682.0,335.2
17012A,ORIGAMI VANILLA INCENSE/CANDLE SET,Decor,323.0,375.93
17012B,ORIGAMI JASMINE INCENSE/CANDLE SET,Decor,529.0,595.85
17012C,ORIGAMI LAVENDER INCENSE/CANDL SET,Decor,424.0,481.79999999999995
17012D,ORIGAMI ROSE INCENSE/CANDLE SET,Decor,461.0,547.24
17012E,ORIGAMI OPIUM INCENSE/CANDLE SET,Decor,44.0,62.64
17012F,ORIGAMI SANDLEWOOD INCENSE/CAND SET,Decor,448.0,530.6
17129F,BLUE GLASS GEMS IN BAG,Accessories,802.0,555.53
20668,DISCO BALL CHRISTMAS DECORATION,Decor,10481.0,1501.4
20669,RED HEART LUGGAGE TAG,Decor,304.0,447.34
20671,BLUE TEATIME PRINT BOWL,Kitchen,10.0,12.5
20685,DOORMAT RED RETROSPOT,Home,4347.0,28350.56
20707,CRAZY DAISY HEART DECORATION,Decor,465.0,469.64
20711,JUMBO BAG TOYS,Accessories,4486.0,11054.93
20712,JUMBO BAG WOODLAND ANIMALS,Accessories,10136.0,22516.8
20713,JUMBO BAG OWLS,Accessories,9820.0,23411.69
20716,PARTY FOOD SHOPPER BAG,Accessories,400.0,469.63
20717,STRAWBERRY SHOPPER BAG,Accessories,3608.0,3589.48
20718,RED RETROSPOT SHOPPER BAG,Accessories,5577.0,6647.28
20719,WOODLAND CHARLOTTE BAG,Accessories,17785.0,16831.85
20723,STRAWBERRY CHARLOTTE BAG,Accessories,13860.0,12610.86
20724,RED RETROSPOT CHARLOTTE BAG,Accessories,21457.0,21943.7
20725,LUNCH BAG RED RETROSPOT,Kitchen,23806.0,36283.51
20725,LUNCH BAG RED SPOTTY,Kitchen,100.0,290.0
20726,LUNCH BAG WOODLAND,Kitchen,10542.0,18402.18
20727,LUNCH BAG  BLACK SKULL.,Kitchen,14324.0,22469.96
20728,LUNCH BAG CARS BLUE,Kitchen,13497.0,21993.98
20731,POSY CANDY BAG,Accessories,157.0,109.96
20748,KENSINGTON COFFEE SET,Decor,57.0,751.17
20832,RED FLOCK LOVE HEART PHOTO FRAME,Decor,1232.0,573.52
20845,ZINC HEART LATTICE 2 WALL PLANTER,Decor,19.0,120.64999999999999
20846,ZINC HEART LATTICE T-LIGHT HOLDER,Decor,716.0,957.32
20847,ZINC HEART LATTICE CHARGER LARGE,Decor,48.0,202.57999999999998
20848,ZINC HEART LATTICE CHARGER SMALL,Decor,21.0,61.95
20851,ZINC HEART LATTICE TRAY OVAL,Decor,9.0,53.550000000000004
20854,BLUE PATCH PURSE PINK HEART,Decor,267.0,406.11999999999995
20860,GOLD COSMETICS BAG WITH BUTTERFLY,Accessories,1.0,2.1
20861,GOLD COSMETIC BAG PINK STAR,Accessories,2.0,4.2
20871,OPULENT VELVET SET/3 CANDLES,Decor,2.0,8.42
20878,SET/9 CHRISTMAS T-LIGHTS SCENTED,Decor,24.0,30.0
20892,SET/3 TALL GLASS CANDLE HOLDER PINK,Decor,4.0,89.22
20914,SET/5 RED RETROSPOT LID GLASS BOWLS,Decor,8965.0,17837.55
20914,SET/5 RED SPOTTY LID GLASS BOWLS,Decor,100.0,734.4
20934,SET/3 POT PLANT CANDLES,Decor,82.0,499.76
20967,GREY FLORAL FELTCRAFT SHOULDER BAG,Accessories,265.0,1027.94
20969,RED FLORAL FELTCRAFT SHOULDER BAG,Accessories,1985.0,7680.66
20970,PINK FLORAL FELTCRAFT SHOULDER BAG,Accessories,1363.0,4202.7
20985,HEART CALCULATOR,Decor,1112.0,1545.02
20992,JAZZ HEARTS PURSE NOTEBOOK,Decor,4733.0,1944.6299999999999
20996,JAZZ HEARTS ADDRESS BOOK,Decor,3299.0,726.89
21000,ROSE DU SUD COSMETICS BAG,Accessories,96.0,360.84
21001,ROSE DU SUD WASHBAG,Accessories,73.0,348.19
21002,ROSE DU SUD DRAWSTRING BAG,Accessories,123.0,420.15999999999997
21009,ETCHED GLASS STAR TREE DECORATION,Decor,1.0,1.25
21011,GLITTER SNOW PEAR TREE DECORATION,Decor,20.0,28.999999999999996
21014,SWISS CHALET TREE DECORATION,Decor,1633.0,598.8199999999999
21015,DARK BIRD HOUSE TREE DECORATION,Decor,1647.0,590.7099999999999
21018,BIRD BOX CHRISTMAS TREE DECORATION,Decor,24.0,22.06
21033,JUMBO BAG CHARLIE AND LOLA TOYS,Accessories,2238.0,4851.44
21035,SET/2 RED RETROSPOT TEA TOWELS,Decor,2593.0,9067.35
21038,SET/4 MODERN VINTAGE COTTON NAPKINS,Decor,79.0,92.65
21039,RED RETROSPOT SHOPPING BAG,Accessories,587.0,1384.29
21040,MODERN VINTAGE COTTON SHOPPING BAG,Accessories,22.0,29.7
21054,NURSE'S BAG SOFT TOY,Accessories,70.0,634.53
21056,DOCTOR'S BAG SOFT TOY,Accessories,245.0,1774.35
21063,PARTY INVITES JAZZ HEARTS,Decor,528.0,458.31
21067,VINTAGE RED TEATIME MUG,Kitchen,344.0,533.53
21069,VINTAGE BILLBOARD TEA MUG,Kitchen,944.0,2993.58
21078,SET/20 STRAWBERRY PAPER NAPKINS,Decor,3175.0,2531.04
21080,SET/20 RED RETROSPOT PAPER NAPKINS,Decor,14389.0,11255.61
21082,SET/20 FRUIT SALAD PAPER NAPKINS,Decor,88.0,143.44
21084,SET/6 COLLAGE PAPER CUPS,Decor,2931.0,777.7
21086,SET/6 RED SPOTTY PAPER CUPS,Decor,7304.0,4820.3
21087,SET/6 POSIES PAPER CUPS,Decor,214.0,74.57000000000001
21088,SET/6 FRUIT SALAD PAPER CUPS,Decor,1590.0,430.56
21089,SET/6 GREEN SPRING PAPER CUPS,Decor,233.0,48.989999999999995
21090,SET/6 COLLAGE PAPER PLATES,Decor,2710.0,1288.23
21094,SET/6 RED SPOTTY PAPER PLATES,Decor,9881.0,6872.0599999999995
21095,SET/6 POSIES PAPER PLATES,Decor,125.0,118.72999999999999
21096,SET/6 FRUIT SALAD  PAPER PLATES,Decor,1231.0,581.09
21098,CHRISTMAS TOILET ROLL,Decor,2495.0,5090.67
21100,CHARLIE AND LOLA CHARLOTTE BAG,Accessories,65.0,162.20999999999998
21108,FAIRY CAKE FLANNEL ASSORTED COLOUR,Kitchen,4946.0,24622.2
21109,LARGE CAKE TOWEL CHOCOLATE SPOTS,Kitchen,1037.0,2661.67
21109,"LARGE CAKE TOWEL, CHOCOLATE SPOTS",Kitchen,11.0,101.53
21110,LARGE CAKE TOWEL PINK SPOTS,Kitchen,1417.0,3829.2
21114,LAVENDER SCENTED FABRIC HEART,Decor,1536.0,1790.58
21121,SET/10 RED POLKADOT PARTY CANDLES,Decor,6002.0,7998.85
21122,SET/10 PINK POLKADOT PARTY CANDLES,Decor,4862.0,6459.79
21123,SET/10 IVORY POLKADOT PARTY CANDLES,Decor,1288.0,1380.84
21124,SET/10 BLUE POLKADOT PARTY CANDLES,Decor,3672.0,4884.3
21125,SET 6 FOOTBALL CELEBRATION CANDLES,Decor,757.0,825.98
21126,SET OF 6 GIRLS CELEBRATION CANDLES,Decor,587.0,742.7
21143,ANTIQUE GLASS HEART DECORATION,Decor,345.0,711.13
21144,PINK POODLE HANGING DECORATION,Decor,17.0,21.36
21145,ANTIQUE GLASS PLACE SETTING,Decor,122.0,152.5
21147,JINGLE BELLS TREE DECORATION,Decor,203.0,415.77
21155,RED RETROSPOT PEG BAG,Accessories,3285.0,9806.9
21157,RED RETROSPOT WASHBAG,Accessories,78.0,225.5
21158,MOODY GIRL DOOR HANGER,Home,1561.0,791.23
21159,MOODY BOY  DOOR HANGER,Home,1142.0,601.79
21160,KEEP OUT GIRLS DOOR HANGER,Home,1.0,3.36
21161,KEEP OUT BOYS DOOR HANGER,Home,143.0,229.92
21162,TOXIC AREA  DOOR HANGER,Home,1478.0,792.9799999999999
21163,DO NOT TOUCH MY STUFF DOOR HANGER,Home,1332.0,681.8
21164,HOME SWEET HOME METAL SIGN,Home,1926.0,5155.9800000000005
21188,3D HEARTS  HONEYCOMB PAPER GARLAND,Decor,378.0,1021.9000000000001
21190,PINK HEARTS PAPER GARLAND,Decor,308.0,317.7
21198,WHITE HEART CONFETTI IN TUBE,Decor,1776.0,1066.58
21199,PINK  HEART CONFETTI IN TUBE,Decor,1590.0,908.49
21210,SET OF 72 RETROSPOT PAPER  DOILIES,Decor,5659.0,8472.439999999999
21211,SET OF 72 SKULL PAPER  DOILIES,Decor,815.0,1252.6699999999998
21212,PACK OF 72 RETROSPOT CAKE CASES,Kitchen,29964.0,21359.48
21213,PACK OF 72 SKULL CAKE CASES,Kitchen,12671.0,8401.39
21215,IVORY PAPER CUP CAKE CASES,Kitchen,1243.0,744.35
21216,"SET 3 RETROSPOT TEA,COFFEE,SUGAR",Decor,2323.0,11389.06
21217,RED RETROSPOT ROUND CAKE TINS,Kitchen,1175.0,11552.289999999999
21219,SET/4 BADGES BALLOON GIRL,Decor,448.0,561.84
21220,SET/4 BADGES DOGS,Decor,338.0,445.01
21221,SET/4 BADGES CUTE CREATURES,Decor,261.0,340.22
21222,SET/4 BADGES BEETLES,Decor,265.0,348.19
21224,SET/4 SKULL BADGES,Decor,916.0,1082.5
21231,SWEETHEART CERAMIC TRINKET BOX,Decor,7195.0,7805.360000000001
21248,DOOR HANGER  MUM + DADS ROOM,Home,206.0,332.16999999999996
21250,SET OF SKULL WALL STICKERS,Decor,159.0,274.37
21251,DINOSAUR HEIGHT CHART STICKER SET,Decor,182.0,568.98
21253,SET OF PICTURE FRAME  STICKERS,Decor,134.0,590.4200000000001
21261,GREEN GOOSE FEATHER CHRISTMAS TREE,Decor,239.0,654.3900000000001
21262,WHITE GOOSE FEATHER CHRISTMAS TREE,Decor,337.0,1289.96
21277,FRENCH STYLE EMBOSSED HEART CABINET,Decor,28.0,615.33
21289,LARGE STRIPES CHOCOLATE GIFT BAG,Accessories,609.0,733.75
21291,SMALL POLKADOT CHOCOLATE GIFT BAG,Accessories,1379.0,819.64
21292,SMALL STRIPES CHOCOLATE GIFT BAG,Accessories,655.0,594.51
21293,MIRRORED DOVE WALL DECORATION,Decor,116.0,276.72
21306,SET/4 DAISY MIRROR MAGNETS,Decor,593.0,200.05999999999997
21307,SET/4 BUTTERFLY MIRROR MAGNETS,Decor,79.0,39.199999999999996
21311,SET/4 BIRD MIRROR MAGNETS,Decor,538.0,189.16
21313,GLASS HEART T-LIGHT HOLDER,Decor,3620.0,2907.19
21314,SMALL GLASS HEART TRINKET POT,Decor,5671.0,10033.43
21324,HANGING MEDINA LANTERN SMALL,Lighting,81.0,259.67
21327,SKULLS WRITING SET,Decor,924.0,1484.1299999999999
21328,BALLOONS  WRITING SET,Decor,1517.0,2410.43
21329,DINOSAURS  WRITING SET,Decor,1009.0,1722.04
21336,GOLD WASHBAG,Accessories,27.0,54.57
21349,IVY HEART WREATH,Decor,22.0,182.6
21363,HOME SMALL WOOD LETTERS,Home,257.0,1473.24
21382,SET/4 SPRING FLOWER DECORATION,Decor,1492.0,1382.53
21385,IVORY HANGING DECORATION  HEART,Decor,3750.0,3444.1499999999996
21386,IVORY HANGING DECORATION  EGG,Decor,737.0,285.64
21389,IVORY HANGING DECORATION  BIRD,Decor,1166.0,965.0799999999999
21390,FILIGRIS HEART WITH BUTTERFLY,Decor,3668.0,4851.88
21391,FRENCH LAVENDER SCENT HEART,Decor,1467.0,1061.89
21411,GINGHAM HEART  DOORSTOP RED,Decor,795.0,2987.33
21428,SET3 BOOK BOX GREEN GINGHAM FLOWER,Decor,1726.0,5299.88
21430,SET/3 RED GINGHAM ROSE STORAGE BOX,Decor,3039.0,12049.98
21441,BLUE BIRDHOUSE DECORATION,Decor,421.0,292.03
21442,GREEN BIRDHOUSE DECORATION,Decor,437.0,307.94
21445,12 PINK ROSE PEG PLACE SETTINGS,Decor,222.0,272.5
21446,12 RED ROSE PEG PLACE SETTINGS,Decor,489.0,630.92
21447,12 IVORY ROSE PEG PLACE SETTINGS,Decor,1034.0,1479.35
21473,SWEETHEART CREAM STEEL TABLE RECT,Decor,27.0,618.66
21476,STEEL SWEETHEART ROUND TABLE CREAM,Decor,41.0,699.63
21479,WHITE SKULL HOT WATER BOTTLE,Kitchen,4358.0,21218.13
21481,FAWN BLUE HOT WATER BOTTLE,Kitchen,5160.0,11683.470000000001
21484,CHICK GREY HOT WATER BOTTLE,Kitchen,2805.0,8643.02
21485,RETROSPOT HEART HOT WATER BOTTLE,Decor,3541.0,17748.13
21486,PINK HEART DOTS HOT WATER BOTTLE,Decor,36.0,147.88
21488,RED WHITE SCARF  HOT WATER BOTTLE,Kitchen,139.0,566.1700000000001
21491,SET OF THREE VINTAGE GIFT WRAPS,Decor,1.0,1.95
21523,DOORMAT FANCY FONT HOME SWEET HOME,Home,3150.0,21568.99
21524,DOORMAT SPOTTY HOME SWEET HOME,Home,2108.0,13604.46
21527,RED RETROSPOT TRADITIONAL TEAPOT,Kitchen,563.0,3985.29
21528,DAIRY MAID TRADITIONAL TEAPOT,Kitchen,229.0,1650.8700000000001
21557,SET OF 6 FUNKY BEAKERS,Decor,531.0,1843.6100000000001
21558,SKULL LUNCH BOX WITH CUTLERY,Kitchen,2654.0,5557.87
21559,STRAWBERRY LUNCH BOX WITH CUTLERY,Kitchen,4725.0,9765.53
21561,DINOSAUR LUNCH BOX WITH CUTLERY,Kitchen,1708.0,3132.48
21563,RED HEART SHAPE LOVE BUCKET,Decor,1399.0,2803.13
21564,PINK  HEART SHAPE LOVE BUCKET,Decor,993.0,1839.67
21576,LETS GO SHOPPING COTTON TOTE BAG,Accessories,252.0,585.34
21577,SAVE THE PLANET COTTON TOTE BAG,Accessories,727.0,1680.6499999999999
21578,WOODLAND DESIGN  COTTON TOTE BAG,Accessories,959.0,1662.26
21579,LOLITA  DESIGN  COTTON TOTE BAG,Accessories,186.0,432.22
21580,RABBIT  DESIGN  COTTON TOTE BAG,Accessories,181.0,444.07
21581,SKULLS  DESIGN  COTTON TOTE BAG,Accessories,264.0,617.67
21609,SET 12 LAVENDER  BOTANICAL T-LIGHTS,Decor,831.0,2086.69
21614,SET OF 12 ROSE BOTANICAL T-LIGHTS,Decor,51.0,153.29000000000002
21620,SET OF 4 ROSE BOTANICAL CANDLES,Decor,881.0,1429.49
21644,ASSORTED TUTTI FRUTTI HEART BOX,Decor,240.0,300.0
21651,HANGING GLASS ETCHED TEALIGHT,Kitchen,255.0,198.57000000000002
21657,MILK BOTTLE WITH GLASS STOPPER,Kitchen,30.0,223.46
21661,VINTAGE GLASS TEA CADDY,Kitchen,3.0,17.85
21667,GLASS CAKE COVER AND PLATE,Kitchen,4.0,59.8
21677,HEARTS  STICKERS,Decor,899.0,737.8399999999999
21703,BAG 125G SWIRLY MARBLES,Accessories,6673.0,3560.3900000000003
21704,BAG 250G SWIRLY MARBLES,Accessories,4985.0,4032.94
21705,BAG 500G SWIRLY MARBLES,Accessories,1675.0,1473.97
21720,CAKE SHOP  STICKER SHEET,Kitchen,57.0,48.449999999999996
21723,ALPHABET HEARTS STICKER SHEET,Decor,497.0,350.08
21726,MULTI HEARTS  STICKERS,Decor,237.0,204.69
21733,RED HANGING HEART T-LIGHT HOLDER,Decor,10290.0,23331.54
21754,HOME BUILDING BLOCK WORD,Home,2819.0,16895.670000000002
21773,DECORATIVE ROSE BATHROOM BOTTLE,Kitchen,1238.0,1154.17
21774,DECORATIVE CATS BATHROOM BOTTLE,Kitchen,1004.0,1153.65
21775,DECORATIVE FLORE BATHROOM BOTTLE,Kitchen,570.0,720.61
21777,RECIPE BOX WITH METAL HEART,Decor,17.0,135.15
21801,CHRISTMAS TREE DECORATION WITH BELL,Decor,2270.0,545.38
21802,CHRISTMAS TREE HEART DECORATION,Decor,3661.0,919.56
21803,CHRISTMAS TREE STAR DECORATION,Decor,4093.0,1016.02
21804,WHITE CHRISTMAS GARLAND STARS TREES,Decor,225.0,830.03
21807,WHITE CHRISTMAS STAR DECORATION,Decor,950.0,189.0
21808,"CHRISTMAS GARLAND STARS,TREES",Decor,180.0,637.83
21809,CHRISTMAS HANGING TREE WITH BELL,Decor,3076.0,1117.92
21810,CHRISTMAS HANGING STAR WITH BELL,Decor,9722.0,3055.5899999999997
21811,CHRISTMAS HANGING HEART WITH BELL,Decor,387.0,307.59999999999997
21811,HANGING HEART WITH BELL,Decor,7740.0,2393.52
21812,GARLAND WITH HEARTS AND BELLS,Decor,549.0,1815.5700000000002
21814,HEART T-LIGHT HOLDER,Decor,74.0,111.77
21816,CHRISTMAS TREE T-LIGHT HOLDER,Decor,33.0,47.849999999999994
21817,GLITTER CHRISTMAS TREE,Decor,2058.0,410.90999999999997
21818,GLITTER CHRISTMAS HEART,Decor,488.0,231.82
21818,GLITTER HEART DECORATION,Decor,4933.0,1088.59
21819,GLITTER CHRISTMAS STAR,Decor,4622.0,1066.6499999999999
21820,GLITTER HEART GARLAND WITH BELLS,Decor,359.0,1480.97
21822,GLITTER CHRISTMAS TREE WITH BELLS,Decor,1003.0,723.99
21823,PAINTED METAL HEART WITH HOLLY BELL,Decor,1636.0,854.35
21826,EIGHT PIECE DINOSAUR SET,Decor,129.0,190.18
21827,EIGHT PIECE CREEPY CRAWLIE SET,Decor,6.0,7.5
21828,EIGHT PIECE SNAKE  SET,Decor,330.0,435.79
21836,GINGHAM OVEN GLOVE RED HEART,Decor,5.0,26.490000000000002
21843,RED RETROSPOT CAKE STAND,Kitchen,2213.0,23573.05
21868,POTTING SHED TEA MUG,Kitchen,2922.0,3359.16
21877,HOME SWEET HOME MUG,Home,3947.0,8032.3
21879,HEARTS GIFT TAPE,Decor,1264.0,385.47
21884,CAKES AND BOWS GIFT  TAPE,Kitchen,1050.0,413.76
21888,BINGO SET,Decor,2022.0,6663.29
21890,S/6 WOODEN SKITTLES IN COTTON BAG,Accessories,1145.0,3653.51
21895,POTTING SHED SOW 'N' GROW SET,Decor,2.0,12.72
21916,SET 12 RETRO WHITE CHALK STICKS,Decor,4524.0,1963.41
21917,SET 12 KIDS  WHITE CHALK STICKS,Decor,3572.0,1697.31
21918,SET 12 KIDS COLOUR  CHALK STICKS,Decor,5203.0,2956.97
21928,JUMBO BAG SCANDINAVIAN BLUE PAISLEY,Accessories,8977.0,17656.87
21928,JUMBO BAG SCANDINAVIAN PAISLEY,Accessories,2040.0,3890.17
21929,JUMBO BAG PINK VINTAGE PAISLEY,Accessories,11050.0,23484.23
21930,JUMBO STORAGE BAG SKULLS,Accessories,6910.0,13991.64
21931,JUMBO STORAGE BAG SUKI,Accessories,15310.0,31364.260000000002
21932,SCANDINAVIAN PAISLEY PICNIC BAG,Accessories,3263.0,5021.23
21933,PINK VINTAGE PAISLEY PICNIC BAG,Accessories,2925.0,4962.38
21934,SKULL SHOULDER BAG,Accessories,2978.0,4496.78
21935,SUKI  SHOULDER BAG,Accessories,3835.0,6300.26
21936,RED RETROSPOT PICNIC BAG,Accessories,5151.0,11792.79
21937,STRAWBERRY   PICNIC BAG,Accessories,2375.0,4931.3
21943,CAKES AND RABBITS DESIGN FLANNEL,Kitchen,119.0,134.48999999999998
21947,SET OF 6 HEART CHOPSTICKS,Decor,919.0,1139.65
21948,SET OF 6 CAKE CHOPSTICKS,Decor,924.0,978.23
21949,SET OF 6 STRAWBERRY CHOPSTICKS,Decor,889.0,1054.44
21955,DOORMAT UNION JACK GUNS AND ROSES,Home,916.0,7485.42
21972,SET OF 36 DINOSAUR PAPER DOILIES,Decor,377.0,467.17999999999995
21973,SET OF 36 MUSHROOM PAPER DOILIES,Decor,188.0,197.2
21974,SET OF 36 PAISLEY FLOWER DOILIES,Decor,2224.0,3616.6499999999996
21975,PACK OF 60 DINOSAUR CAKE CASES,Kitchen,9637.0,6111.07
21976,PACK OF 60 MUSHROOM CAKE CASES,Kitchen,5110.0,2858.35
21977,PACK OF 60 PINK PAISLEY CAKE CASES,Kitchen,16667.0,12241.17
21985,PACK OF 12 HEARTS DESIGN TISSUES,Decor,7601.0,2729.5099999999998
21990,MODERN FLORAL STATIONERY SET,Decor,1828.0,2885.0
21991,BOHEMIAN COLLAGE STATIONERY SET,Decor,647.0,1095.82
21992,VINTAGE PAISLEY STATIONERY SET,Decor,1982.0,3509.47
21993,FLORAL FOLK STATIONERY SET,Decor,2041.0,3370.84
22027,TEA PARTY BIRTHDAY CARD,Kitchen,4587.0,1930.5900000000001
22034,ROBIN CHRISTMAS CARD,Decor,22.0,10.059999999999999
22042,CHRISTMAS CARD SINGING ANGEL,Decor,411.0,173.37
22043,CHRISTMAS CARD SCREEN PRINT,Decor,1634.0,304.5
22044,CHRISTMAS CARD STACK OF PRESENTS,Decor,1140.0,196.44
22046,TEA PARTY  WRAPPING PAPER,Kitchen,2409.0,932.78
22049,WRAP CHRISTMAS SCREEN PRINT,Decor,1375.0,302.0
22053,EMPIRE DESIGN ROSETTE,Decor,479.0,3607.67
22055,MINI CAKE STAND  HANGING STRAWBERY,Kitchen,1719.0,2120.94
22060,LARGE CAKE STAND HANGING HEARTS,Decor,247.0,1198.25
22061,LARGE CAKE STAND  HANGING STRAWBERY,Kitchen,838.0,4367.11
22062,CERAMIC BOWL WITH LOVE HEART DESIGN,Decor,899.0,682.84
22065,CHRISTMAS PUDDING TRINKET POT,Decor,7525.0,3484.27
22066,LOVE HEART TRINKET POT,Decor,3872.0,1046.76
22072,RED RETROSPOT TEA CUP AND SAUCER,Kitchen,932.0,2882.42
22075,6 RIBBONS ELEGANT CHRISTMAS,Decor,1713.0,2508.83
22079,RIBBON REEL HEARTS DESIGN,Decor,1967.0,3358.29
22086,PAPER CHAIN KIT 50'S CHRISTMAS,Decor,24185.0,65929.74
22110,BIRD HOUSE HOT WATER BOTTLE,Kitchen,1470.0,4917.24
22111,SCOTTIE DOG HOT WATER BOTTLE,Kitchen,5076.0,24999.84
22112,CHOCOLATE HOT WATER BOTTLE,Kitchen,7432.0,33345.76
22113,GREY HEART HOT WATER BOTTLE,Decor,4133.0,12852.33
22114,HOT WATER BOTTLE TEA AND SYMPATHY,Kitchen,7476.0,33249.54
22115,METAL SIGN EMPIRE TEA,Kitchen,1749.0,2020.91
22124,SET OF 2 TEA TOWELS PING MICROWAVE,Decor,149.0,306.16
22125,UNION JACK HOT WATER BOTTLE,Kitchen,13.0,139.86
22129,PARTY CONES CANDY DECORATION,Decor,314.0,621.96
22129,PARTY CONES CANDY TREE DECORATION,Decor,932.0,599.36
22130,PARTY CONE CHRISTMAS DECORATION,Decor,2582.0,2769.16
22131,FOOD CONTAINER SET 3 LOVE HEART,Decor,1880.0,3938.54
22132,RED LOVE HEART SHAPE CUP,Decor,1202.0,949.23
22133,PINK LOVE HEART SHAPE CUP,Decor,952.0,770.73
22134,LADLE LOVE HEART RED,Decor,24.0,17.82
22134,MINI LADLE LOVE HEART RED,Decor,729.0,401.18
22135,LADLE LOVE HEART PINK,Decor,39.0,24.98
22135,MINI LADLE LOVE HEART PINK,Decor,528.0,297.4
22136,LOVE HEART SOCK HANGER,Decor,383.0,680.73
22137,BATHROOM SET LOVE HEART DESIGN,Decor,82.0,237.98000000000002
22138,BAKING SET 9 PIECE RETROSPOT,Decor,5430.0,24441.920000000002
22139,RETROSPOT TEA SET CERAMIC 11 PC,Decor,4823.0,23038.81
22141,CHRISTMAS CRAFT TREE TOP ANGEL,Decor,3347.0,6462.59
22142,CHRISTMAS CRAFT WHITE FAIRY,Decor,3865.0,4947.139999999999
22144,CHRISTMAS CRAFT LITTLE FRIENDS,Decor,5186.0,9719.880000000001
22145,CHRISTMAS CRAFT HEART STOCKING,Decor,100.0,63.0
22147,FELTCRAFT BUTTERFLY HEARTS,Decor,5490.0,9709.789999999999
22151,PLACE SETTING WHITE HEART,Decor,10835.0,6593.7699999999995
22152,PLACE SETTING WHITE STAR,Decor,2175.0,1054.76
22153,ANGEL DECORATION STARS ON DRESS,Decor,4255.0,1138.45
22154,ANGEL DECORATION 3 BUTTONS,Decor,5833.0,1639.61
22155,STAR DECORATION RUSTIC,Decor,3810.0,1153.77
22156,HEART DECORATION WITH PEARLS,Decor,3679.0,2201.34
22157,ANGEL DECORATION WITH LACE PADDED,Decor,316.0,180.2
22158,3 HEARTS HANGING DECORATION RUSTIC,Decor,3432.0,11869.130000000001
22161,HEART DECORATION RUSTIC HANGING,Decor,5951.0,1650.3100000000002
22162,HEART GARLAND RUSTIC PADDED,Decor,277.0,873.69
22163,HEART STRING MEMO HOLDER HANGING,Decor,952.0,1062.53
22165,"DIAMANTE HEART SHAPED WALL MIRROR,",Decor,372.0,3340.95
22173,METAL 4 HOOK HANGER FRENCH CHATEAU,Kitchen,3709.0,8047.57
22179,SET 10 LIGHTS NIGHT OWL,Decor,549.0,3371.4700000000003
22179,SET 10 NIGHT OWL LIGHTS,Decor,526.0,4033.68
22182,CAKE STAND VICTORIAN FILIGREE SMALL,Kitchen,375.0,1435.43
22183,CAKE STAND VICTORIAN FILIGREE MED,Kitchen,324.0,1924.96
22184,CAKE STAND VICTORIAN FILIGREE LARGE,Kitchen,58.0,488.86
22187,GREEN CHRISTMAS TREE CARD HOLDER,Decor,1460.0,3260.38
22188,BLACK HEART CARD HOLDER,Decor,2352.0,12487.17
22189,CREAM HEART CARD HOLDER,Decor,4921.0,23467.42
22195,LARGE HEART MEASURING SPOONS,Decor,2205.0,3722.31
22196,SMALL HEART MEASURING SPOONS,Decor,3068.0,2770.64
22208,WOOD STAMP SET THANK YOU,Decor,1678.0,1583.1000000000001
22209,WOOD STAMP SET HAPPY BIRTHDAY,Decor,997.0,974.1800000000001
22210,WOOD STAMP SET BEST WISHES,Decor,1181.0,958.04
22211,WOOD STAMP SET FLOWERS,Decor,1281.0,1191.99
22215,CAKE STAND WHITE TWO TIER LACE,Kitchen,345.0,2488.39
22218,CAKE STAND LACE WHITE,Kitchen,1.0,4.25
22219,LOVEBIRD HANGING DECORATION WHITE,Decor,4507.0,4055.83
22220,CAKE STAND LOVEBIRD 2 TIER WHITE,Kitchen,253.0,2050.75
22221,CAKE STAND LOVEBIRD 2 TIER PINK,Kitchen,133.0,1124.44
22222,CAKE PLATE LOVEBIRD WHITE,Kitchen,1085.0,3880.2
22223,CAKE PLATE LOVEBIRD PINK,Kitchen,511.0,1821.61
22224,WHITE LOVEBIRD LANTERN,Lighting,906.0,2775.86
22227,HANGING HEART MIRROR DECORATION,Decor,2759.0,1709.37
22236,CAKE STAND 3 TIER MAGIC GARDEN,Kitchen,353.0,4133.549999999999
22242,5 HOOK HANGER MAGIC TOADSTOOL,Home,654.0,1050.48
22243,5 HOOK HANGER RED MAGIC TOADSTOOL,Home,1957.0,4769.79
22244,3 HOOK HANGER MAGIC GARDEN,Home,1879.0,3307.41
22245,"HOOK, 1 HANGER ,MAGIC GARDEN",Home,1439.0,1074.25
22247,BUNNY DECORATION MAGIC GARDEN,Decor,736.0,591.4399999999999
22248,DECORATION  PINK CHICK MAGIC GARDEN,Decor,681.0,542.09
22249,DECORATION WHITE CHICK MAGIC GARDEN,Decor,1071.0,816.26
22250,DECORATION  BUTTERFLY  MAGIC GARDEN,Decor,959.0,734.35
22251,BIRDHOUSE DECORATION MAGIC GARDEN,Decor,798.0,909.49
22252,BIRDCAGE DECORATION TEALIGHT HOLDER,Decor,687.0,769.07
22265,EASTER DECORATION NATURAL CHICK,Decor,588.0,363.55
22266,EASTER DECORATION HANGING BUNNY,Decor,1819.0,595.85
22267,EASTER DECORATION EGG BUNNY,Decor,872.0,673.17
22268,DECORATION SITTING BUNNY,Decor,2380.0,356.95
22268,EASTER DECORATION SITTING BUNNY,Decor,486.0,453.65
22270,HAPPY EASTER HANGING DECORATION,Decor,302.0,968.09
22275,WEEKEND BAG VINTAGE ROSE PAISLEY,Accessories,100.0,527.85
22276,WASH BAG VINTAGE ROSE PAISLEY,Accessories,360.0,854.16
22277,COSMETIC BAG VINTAGE ROSE PAISLEY,Accessories,481.0,897.74
22278,OVERNIGHT BAG VINTAGE ROSE PAISLEY,Accessories,411.0,2734.0499999999997
22279,POCKET BAG BLUE PAISLEY RED SPOT,Accessories,812.0,1004.65
22280,POCKET BAG PINK PAISELY BROWN SPOT,Accessories,528.0,509.59000000000003
22284,HEN HOUSE DECORATION,Decor,980.0,1618.52
22285,"DECORATION HEN ON NEST, HANGING",Decor,42.0,74.43
22285,HANGING HEN ON NEST DECORATION,Decor,880.0,1418.82
22286,"DECORATION , WOBBLY RABBIT , METAL",Decor,293.0,518.03
22286,DECORATION WOBBLY RABBIT METAL,Decor,983.0,504.46
22287,"DECORATION , WOBBLY CHICKEN, METAL",Decor,234.0,397.72
22287,DECORATION WOBBLY CHICKEN,Decor,656.0,323.82
22288,HANGING METAL RABBIT DECORATION,Decor,519.0,608.2
22289,HANGING METAL CHICKEN DECORATION,Decor,146.0,191.02
22291,HANGING CHICK CREAM DECORATION,Decor,1416.0,1939.37
22292,HANGING CHICK  YELLOW DECORATION,Decor,1000.0,1604.51
22293,HANGING CHICK GREEN DECORATION,Decor,955.0,1335.87
22294,HEART FILIGREE DOVE  SMALL,Decor,6123.0,6847.58
22295,HEART FILIGREE DOVE LARGE,Decor,2817.0,4633.77
22296,HEART IVORY TRELLIS LARGE,Decor,3101.0,5249.37
22297,HEART IVORY TRELLIS SMALL,Decor,4340.0,5459.91
22308,TEA COSY BLUE STRIPE,Kitchen,300.0,877.38
22309,TEA COSY RED  STRIPE,Kitchen,469.0,1091.05
22317,FIVE CATS HANGING DECORATION,Decor,285.0,876.72
22318,FIVE HEART HANGING DECORATION,Decor,469.0,1562.2700000000002
22321,BIRD DECORATION RED RETROSPOT,Decor,882.0,851.5799999999999
22322,BIRD DECORATION GREEN POLKADOT,Decor,883.0,758.01
22323,PINK POLKADOT KIDS BAG,Accessories,1.0,1.95
22324,BLUE POLKADOT KIDS BAG,Accessories,338.0,688.3
22325,MOBILE VINTAGE HEARTS,Decor,261.0,1205.75
22326,ROUND SNACK BOXES SET OF4 WOODLAND,Decor,8867.0,24447.47
22327,ROUND SNACK BOXES SET OF 4 SKULLS,Decor,1390.0,4330.8
22328,ROUND SNACK BOXES SET OF 4 FRUITS,Decor,6390.0,20786.47
22329,ROUND CONTAINER SET OF 5 RETROSPOT,Decor,1961.0,2689.94
22331,WOODLAND PARTY BAG + STICKER SET,Decor,2250.0,2978.44
22332,SKULLS PARTY BAG + STICKER SET,Decor,1168.0,1717.6
22333,RETROSPOT PARTY BAG + STICKER SET,Decor,6348.0,7179.24
22334,DINOSAUR PARTY BAG + STICKER SET,Decor,763.0,1160.71
22335,HEART DECORATION PAINTED ZINC,Decor,2116.0,1668.89
22336,DOVE DECORATION PAINTED ZINC,Decor,2238.0,768.98
22337,ANGEL DECORATION PAINTED ZINC,Decor,792.0,574.54
22338,STAR DECORATION PAINTED ZINC,Decor,5069.0,1246.1799999999998
22339,CHRISTMAS TREE PAINTED ZINC,Decor,2429.0,700.24
22342,HOME GARLAND PAINTED ZINC,Home,1137.0,1151.78
22348,TEA BAG PLATE RED RETROSPOT,Kitchen,3984.0,3593.49
22351,DOTCOMGIFTSHOP TEA TOWEL,Kitchen,13.0,23.09
22352,LUNCH BOX WITH CUTLERY RETROSPOT,Kitchen,3644.0,7901.77
22353,LUNCH BOX WITH CUTLERY FAIRY CAKES,Kitchen,61.0,153.0
22355,CHARLOTTE BAG SUKI DESIGN,Accessories,20713.0,29367.739999999998
22356,CHARLOTTE BAG PINK POLKADOT,Accessories,12651.0,11619.27
22358,KINGS CHOICE TEA CADDY,Kitchen,758.0,2574.82
22365,DOORMAT RESPECTABLE HOUSE,Home,804.0,5754.03
22366,DOORMAT AIRMAIL,Home,780.0,6228.97
22371,AIRLINE BAG VINTAGE TOKYO 78,Accessories,1225.0,5130.1
22372,AIRLINE BAG VINTAGE WORLD CHAMPION,Accessories,283.0,1293.74
22374,AIRLINE BAG VINTAGE JET SET RED,Decor,556.0,2444.52
22375,AIRLINE BAG VINTAGE JET SET BROWN,Decor,351.0,1626.54
22376,AIRLINE BAG VINTAGE JET SET WHITE,Decor,253.0,1133.2
22377,BOTTLE BAG RETROSPOT,Kitchen,1539.0,2168.98
22379,RECYCLING BAG RETROSPOT,Accessories,6571.0,15730.24
22382,LUNCH BAG SPACEBOY DESIGN,Kitchen,11332.0,18207.66
22383,LUNCH BAG SUKI  DESIGN,Kitchen,2431.0,3776.81
22383,LUNCH BAG SUKI DESIGN,Kitchen,12080.0,18916.829999999998
22384,LUNCH BAG PINK POLKADOT,Kitchen,11689.0,17542.69
22385,JUMBO BAG SPACEBOY DESIGN,Accessories,7787.0,17286.73
22386,JUMBO BAG PINK POLKADOT,Accessories,19140.0,42859.59
22391,PAPERWEIGHT HOME SWEET HOME,Home,158.0,245.58
22400,MAGNETS PACK OF 4 HOME SWEET HOME,Home,1722.0,729.48
22414,DOORMAT NEIGHBOURHOOD WITCH,Home,284.0,2054.59
22416,SET OF 36 DOILIES SPACEBOY DESIGN,Decor,749.0,1135.3999999999999
22416,SET OF 36 SPACEBOY PAPER DOILIES,Decor,45.0,66.72
22417,PACK OF 60 SPACEBOY CAKE CASES,Kitchen,7864.0,4548.94
22423,REGENCY CAKESTAND 3 TIER,Kitchen,19392.0,183310.29
22435,SET OF 9 HEART SHAPED BALLOONS,Decor,3555.0,3458.0
22437,SET OF 9 BLACK SKULL BALLOONS,Decor,2936.0,2407.04
22442,GROW YOUR OWN FLOWERS SET OF 3,Decor,307.0,1328.75
22443,GROW YOUR OWN HERBS SET OF 3,Decor,166.0,1407.64
22456,NATURAL SLATE CHALKBOARD LARGE,Office,1859.0,9861.470000000001
22457,NATURAL SLATE HEART CHALKBOARD,Decor,10339.0,28108.81
22460,EMBOSSED GLASS TEALIGHT HOLDER,Kitchen,2731.0,3297.25
22464,HANGING METAL HEART LANTERN,Decor,3756.0,5672.53
22465,HANGING METAL STAR LANTERN,Lighting,2266.0,3183.69
22469,HEART OF WICKER SMALL,Decor,18274.0,32262.95
22470,HEART OF WICKER LARGE,Decor,8459.0,30252.210000000003
22480,RED TEA TOWEL CLASSIC DESIGN,Kitchen,702.0,755.96
22481,BLACK TEA TOWEL CLASSIC DESIGN,Kitchen,889.0,747.3
22482,BLUE TEA TOWEL CLASSIC DESIGN,Kitchen,486.0,565.86
22485,SET OF 2 WOODEN MARKET CRATES,Decor,520.0,7113.849999999999
22488,NATURAL SLATE RECTANGLE CHALKBOARD,Office,3914.0,5631.43
22492,MINI PAINT SET VINTAGE,Decor,32957.0,17041.82
22493,PAINT YOUR OWN CANVAS SET,Decor,2376.0,4383.09
22495,SET OF 2 ROUND TINS CAMEMBERT,Decor,288.0,766.5200000000001
22496,SET OF 2 ROUND TINS DUTCH CHEESE,Decor,257.0,546.9100000000001
22497,SET OF 2 TINS VINTAGE BATHROOM,Decor,223.0,1136.65
22500,SET OF 2 TINS JARDIN DE PROVENCE,Decor,248.0,967.05
22503,CABIN BAG VINTAGE PAISLEY,Accessories,118.0,2471.97
22504,CABIN BAG VINTAGE RETROSPOT,Accessories,322.0,4807.17
22508,DOORSTOP RETROSPOT HEART,Decor,972.0,6608.38
22533,MAGIC DRAWING SLATE BAKE A CAKE,Kitchen,1177.0,653.63
22543,MINI JIGSAW BAKE A CAKE,Kitchen,895.0,529.9599999999999
22561,WOODEN SCHOOL COLOURING SET,Decor,6221.0,10106.97
22571,ROCKING HORSE RED CHRISTMAS,Decor,2991.0,2245.25
22572,ROCKING HORSE GREEN CHRISTMAS,Decor,1480.0,1224.27
22573,STAR WOODEN CHRISTMAS DECORATION,Decor,2480.0,2423.0
22574,HEART WOODEN CHRISTMAS DECORATION,Decor,2821.0,2337.83
22575,METAL MERRY CHRISTMAS WREATH,Decor,742.0,1227.9199999999998
22576,SWALLOW WOODEN CHRISTMAS DECORATION,Decor,1960.0,1419.56
22577,WOODEN HEART CHRISTMAS SCANDINAVIAN,Decor,12948.0,4158.41
22578,WOODEN STAR CHRISTMAS SCANDINAVIAN,Decor,11775.0,3989.0299999999997
22579,WOODEN TREE CHRISTMAS SCANDINAVIAN,Decor,6453.0,2069.62
22581,WOOD STOCKING CHRISTMAS SCANDISPOT,Decor,1712.0,1138.98
22583,PACK OF 6 HANDBAG GIFT BOXES,Accessories,701.0,1575.5
22588,CARD HOLDER GINGHAM HEART,Decor,787.0,2553.19
22591,CARDHOLDER GINGHAM CHRISTMAS TREE,Decor,638.0,1665.46
22593,CHRISTMAS GINGHAM STAR,Decor,2879.0,2189.3199999999997
22594,CHRISTMAS GINGHAM TREE,Decor,2279.0,1906.62
22595,CHRISTMAS GINGHAM HEART,Decor,961.0,709.48
22595,GINGHAM HEART DECORATION,Decor,5297.0,5114.41
22596,CHRISTMAS STAR WISH LIST CHALKBOARD,Decor,4065.0,4141.14
22597,CHRISTMAS MUSICAL ZINC HEART,Decor,58.0,67.89999999999999
22597,MUSICAL ZINC HEART DECORATION,Decor,3752.0,1208.49
22598,CHRISTMAS MUSICAL ZINC TREE,Decor,1192.0,451.29999999999995
22599,CHRISTMAS MUSICAL ZINC STAR,Decor,2562.0,988.16
22600,CHRISTMAS RETROSPOT STAR WOOD,Decor,1798.0,1567.03
22601,CHRISTMAS RETROSPOT ANGEL WOOD,Decor,2038.0,2213.0299999999997
22602,CHRISTMAS RETROSPOT HEART WOOD,Decor,139.0,137.59
22602,RETROSPOT WOODEN HEART DECORATION,Decor,2510.0,1920.28
22603,CHRISTMAS RETROSPOT TREE WOOD,Decor,1420.0,1246.4299999999998
22604,SET OF 4 NAPKIN CHARMS CUTLERY,Decor,1443.0,3014.1600000000003
22605,WOODEN CROQUET GARDEN SET,Decor,790.0,11373.21
22606,WOODEN SKITTLES GARDEN SET,Decor,320.0,4692.91
22607,WOODEN ROUNDERS GARDEN SET,Decor,1429.0,12508.77
22611,VINTAGE UNION JACK SHOPPING BAG,Accessories,277.0,1077.03
22617,BAKING SET SPACEBOY DESIGN,Decor,2409.0,10887.2
22618,COOKING SET RETROSPOT,Decor,89.0,845.71
22619,SET OF 6 SOLDIER SKITTLES,Decor,2901.0,9865.04
22628,PICNIC BOXES SET OF 3 RETROSPOT,Decor,962.0,4705.06
22629,SPACEBOY LUNCH BOX,Kitchen,12953.0,25788.32
22630,DOLLY GIRL LUNCH BOX,Kitchen,10381.0,22065.039999999997
22631,CIRCUS PARADE LUNCH BOX,Kitchen,3945.0,7240.5199999999995
22634,CHILDS BREAKFAST SET SPACEBOY,Decor,872.0,7543.15
22635,CHILDS BREAKFAST SET DOLLY GIRL,Decor,815.0,7139.38
22636,CHILDS BREAKFAST SET CIRCUS PARADE,Decor,625.0,5249.26
22638,SET OF 4 NAPKIN CHARMS CROWNS,Decor,467.0,469.13
22639,SET OF 4 NAPKIN CHARMS HEARTS,Decor,1414.0,1919.86
22640,SET OF 4 NAPKIN CHARMS 3 KEYS,Decor,367.0,431.53999999999996
22641,SET OF 4 NAPKIN CHARMS INSTRUMENT,Decor,207.0,303.73
22642,SET OF 4 NAPKIN CHARMS STARS,Decor,464.0,596.36
22643,SET OF 4 NAPKIN CHARMS LEAVES,Decor,374.0,441.83
22644,CERAMIC CHERRY CAKE MONEY BANK,Kitchen,2984.0,3000.02
22645,CERAMIC HEART FAIRY CAKE MONEY BANK,Decor,3129.0,4734.19
22646,CERAMIC STRAWBERRY CAKE MONEY BANK,Kitchen,5069.0,5726.07
22647,CERAMIC LOVE HEART MONEY BANK,Decor,1669.0,483.58
22649,STRAWBERRY FAIRY CAKE TEAPOT,Kitchen,838.0,4328.08
22659,LUNCH BOX I LOVE LONDON,Kitchen,10223.0,21327.649999999998
22660,DOORMAT I LOVE LONDON,Home,414.0,2678.96
22661,CHARLOTTE BAG DOLLY GIRL DESIGN,Accessories,5447.0,4225.74
22662,LUNCH BAG DOLLY GIRL DESIGN,Kitchen,6790.0,11039.43
22663,JUMBO BAG DOLLY GIRL DESIGN,Accessories,3500.0,7053.15
22687,DOORMAT CHRISTMAS VILLAGE,Decor,240.0,3354.22
22688,DOORMAT PEACE ON EARTH BLUE,Home,201.0,3487.26
22689,DOORMAT MERRY CHRISTMAS RED,Decor,748.0,5530.25
22690,DOORMAT HOME SWEET HOME BLUE,Home,1211.0,9864.2
22691,DOORMAT WELCOME SUNRISE,Home,372.0,2687.02
22692,DOORMAT WELCOME TO OUR HOME,Home,1318.0,11467.51
22697,GREEN REGENCY TEACUP AND SAUCER,Kitchen,8193.0,23148.550000000003
22698,PINK REGENCY TEACUP AND SAUCER,Kitchen,6535.0,17833.06
22699,ROSES REGENCY TEACUP AND SAUCER,Kitchen,10416.0,30207.27
22720,SET OF 3 CAKE TINS PANTRY DESIGN,Decor,7903.0,38401.29
22721,SET OF 3 CAKE TINS SKETCHBOOK,Decor,1021.0,4656.96
22722,SET OF 6 SPICE TINS PANTRY DESIGN,Decor,4972.0,24522.66
22723,SET OF 6 HERB TINS SKETCHBOOK,Decor,1222.0,4270.72
22731,3D CHRISTMAS STAMPS STICKERS,Decor,1306.0,1553.74
22732,3D VINTAGE CHRISTMAS STICKERS,Decor,1956.0,2161.5
22733,3D TRADITIONAL CHRISTMAS STICKERS,Decor,1773.0,2092.58
22734,SET OF 6 RIBBONS VINTAGE CHRISTMAS,Decor,3832.0,10679.4
22737,RIBBON REEL CHRISTMAS PRESENT,Decor,1638.0,2760.15
22739,RIBBON REEL CHRISTMAS SOCK BAUBLE,Decor,2078.0,3556.97
22752,SET 7 BABUSHKA NESTING BOXES,Decor,2216.0,15337.47
22759,SET OF 3 NOTEBOOKS IN PARCEL,Decor,5199.0,9034.039999999999
22769,CHALKBOARD KITCHEN ORGANISER,Office,21.0,592.23
22776,"CAKESTAND, 3 TIER, LOVEHEART",Decor,2.0,19.9
22776,SWEETHEART 3 TIER CAKE STAND,Decor,308.0,3591.5299999999997
22776,SWEETHEART CAKESTAND 3 TIER,Decor,1026.0,10320.4
22782,SET 3 WICKER STORAGE BASKETS,Decor,307.0,3350.0499999999997
22783,SET 3 WICKER OVAL BASKETS W LIDS,Decor,407.0,5921.35
22784,LANTERN CREAM GAZEBO,Lighting,1426.0,6546.99
22789,T-LIGHT HOLDER SWEETHEART HANGING,Decor,1045.0,1658.97
22794,SWEETHEART WIRE MAGAZINE RACK,Decor,331.0,2824.65
22795,SWEETHEART RECIPE BOOK STAND,Decor,1362.0,8510.8
22797,CHEST OF DRAWERS GINGHAM HEART,Decor,247.0,3088.66
22799,SWEETHEART WIRE FRUIT BOWL,Decor,207.0,1623.08
22804,CANDLEHOLDER PINK HANGING HEART,Decor,3413.0,6456.490000000001
22804,PINK HANGING HEART T-LIGHT HOLDER,Decor,644.0,2083.96
22806,SET OF 6 T-LIGHTS WEDDING CAKE,Decor,312.0,677.0400000000001
22807,SET OF 6 T-LIGHTS TOADSTOOLS,Decor,974.0,2417.73
22808,SET OF 6 T-LIGHTS EASTER CHICKS,Decor,363.0,1091.97
22809,SET OF 6 T-LIGHTS SANTA,Decor,1652.0,3864.9000000000005
22810,SET OF 6 T-LIGHTS SNOWMEN,Decor,1322.0,3162.1800000000003
22811,SET OF 6 T-LIGHTS CACTI,Decor,1006.0,2422.2400000000002
22812,PACK 3 BOXES CHRISTMAS PANETTONE,Decor,82.0,260.18
22812,PACK 3 BOXES CHRISTMAS PANNETONE,Decor,1804.0,3389.0699999999997
22818,CARD CHRISTMAS VILLAGE,Decor,4697.0,1590.72
22820,GIFT BAG BIRTHDAY,Accessories,1034.0,576.72
22821,GIFT BAG PSYCHEDELIC APPLES,Accessories,1496.0,730.47
22822,CREAM WALL PLANTER HEART SHAPED,Decor,435.0,2594.65
22824,3 TIER SWEETHEART GARDEN SHELF,Decor,56.0,1974.2000000000003
22829,SWEETHEART WIRE WALL TIDY,Decor,231.0,2323.63
22835,HOT WATER BOTTLE I AM SO POORLY,Kitchen,3631.0,19552.86
22837,HOT WATER BOTTLE BABUSHKA,Kitchen,1842.0,5778.38
22837,HOT WATER BOTTLE BABUSHKA LARGE,Kitchen,8.0,37.2
22838,3 TIER CAKE TIN RED AND CREAM,Kitchen,1066.0,11391.86
22839,3 TIER CAKE TIN GREEN AND CREAM,Kitchen,653.0,7161.07
22840,ROUND CAKE TIN VINTAGE RED,Kitchen,1062.0,7006.14
22841,ROUND CAKE TIN VINTAGE GREEN,Kitchen,665.0,4157.42
22851,SET 20 NAPKINS FAIRY CAKES DESIGN,Decor,2894.0,2379.69
22854,CREAM SWEETHEART EGG HOLDER,Decor,834.0,3703.57
22855,FINE WICKER HEART,Decor,3314.0,3316.73
22856,ASSORTED EASTER DECORATIONS  BELLS,Decor,402.0,755.82
22862,LOVE HEART NAPKIN BOX,Decor,171.0,826.95
22890,NOVELTY BISCUITS CAKE STAND 3 TIER,Kitchen,414.0,4208.12
22891,TEA FOR ONE POLKADOT,Kitchen,450.0,2235.68
22892,SET OF SALT AND PEPPER TOADSTOOLS,Decor,2812.0,3136.79
22893,MINI CAKE STAND T-LIGHT HOLDER,Kitchen,1997.0,939.84
22895,SET OF 2 TEA TOWELS APPLE AND PEARS,Decor,2208.0,6352.0
22896,PEG BAG APPLE DESIGN,Accessories,100.0,210.0
22896,PEG BAG APPLES DESIGN,Accessories,1996.0,3863.96
22900,SET 2 TEA TOWELS I LOVE LONDON,Decor,4811.0,15487.78
22902,TOTE BAG I LOVE LONDON,Accessories,1753.0,2681.58
22909,SET OF 20 VINTAGE CHRISTMAS NAPKINS,Decor,8947.0,8205.77
22910,PAPER CHAIN KIT VINTAGE CHRISTMAS,Decor,14716.0,33722.19
22915,ASSORTED BOTTLE TOP  MAGNETS,Kitchen,3550.0,1444.22
22930,BAKING MOULD HEART MILK CHOCOLATE,Decor,1408.0,3017.8
22931,BAKING MOULD HEART WHITE CHOCOLATE,Decor,847.0,1948.0
22937,BAKING MOULD CHOCOLATE CUP CAKES,Kitchen,12.0,30.6
22937,BAKING MOULD CHOCOLATE CUPCAKES,Kitchen,1057.0,2504.59
22937,BAKING MOULD CUPCAKE CHOCOLATE,Kitchen,12.0,30.6
22938,CUPCAKE LACE PAPER SET 6,Decor,3065.0,4605.63
22940,FELTCRAFT CHRISTMAS FAIRY,Decor,2129.0,7927.75
22941,CHRISTMAS LIGHTS 10 REINDEER,Decor,1539.0,14174.17
22942,CHRISTMAS LIGHTS 10 SANTAS,Decor,858.0,5064.89
22943,CHRISTMAS LIGHTS 10 VINTAGE BAUBLES,Decor,1548.0,6920.97
22944,CHRISTMAS METAL POSTCARD WITH BELLS,Decor,4204.0,1849.57
22945,CHRISTMAS METAL TAGS ASSORTED,Decor,3361.0,3168.7
22948,METAL DECORATION NAUGHTY CHILDREN,Decor,1619.0,1613.49
22949,SET OF 36 DOLLY GIRL PAPER DOILIES,Decor,47.0,72.56
22950,36 DOILIES VINTAGE CHRISTMAS,Decor,3991.0,7402.88
22950,SET OF 36 VINTAGE CHRISTMAS DOILIES,Decor,39.0,72.72
22951,60 CAKE CASES DOLLY GIRL DESIGN,Kitchen,6737.0,4015.5
22952,60 CAKE CASES VINTAGE CHRISTMAS,Decor,14304.0,9579.869999999999
22952,72 CAKE CASES VINTAGE CHRISTMAS,Decor,24.0,13.2
22955,36 FOIL STAR CAKE CASES,Kitchen,1402.0,2040.75
22956,36 FOIL HEART CAKE CASES,Decor,2346.0,4241.39
22957,SET 3 PAPER VINTAGE CHICK PAPER EGG,Decor,2169.0,5086.55
22959,WRAP CHRISTMAS VILLAGE,Decor,4851.0,2140.42
22960,JAM MAKING SET WITH JARS,Decor,10517.0,37739.92
22961,JAM MAKING SET PRINTED,Decor,16294.0,25993.93
22964,3 PIECE SPACEBOY COOKIE CUTTER SET,Decor,2573.0,5487.39
22965,3 TRADITIONAL BISCUIT CUTTERS  SET,Decor,1299.0,2686.21
22965,3 TRADITIONAL COOKIE CUTTERS  SET,Decor,118.0,304.20000000000005
22967,SET 3 SONG BIRD PAPER EGGS ASSORTED,Decor,1365.0,3300.9100000000003
22969,HOMEMADE JAM SCENTED CANDLES,Home,10430.0,18956.95
22989,SET 2 PANTRY DESIGN TEA TOWELS,Decor,2509.0,9018.77
22993,SET OF 4 PANTRY JELLY MOULDS,Decor,13865.0,16548.48
23007,SPACEBOY BABY GIFT SET,Decor,563.0,7758.7
23008,DOLLY GIRL BABY GIFT SET,Decor,500.0,6770.46
23009,I LOVE LONDON BABY GIFT SET,Decor,263.0,4082.52
23010,CIRCUS PARADE BABY GIFT SET,Decor,382.0,4930.45
23012,GLASS APOTHECARY BOTTLE PERFUME,Kitchen,1142.0,4224.76
23013,GLASS APOTHECARY BOTTLE TONIC,Kitchen,930.0,3697.86
23014,GLASS APOTHECARY BOTTLE ELIXIR,Kitchen,864.0,3451.1800000000003
23039,T-LIGHT HOLDER SILVER HEART HANDLE,Decor,205.0,411.40999999999997
23040,PAPER LANTERN 9 POINT SNOW STAR,Lighting,233.0,1394.03
23041,PAPER LANTERN 6 POINT SNOW STAR,Lighting,26.0,107.9
23041,PAPER LANTERN 9 POINT SNOW STAR,Lighting,270.0,1170.18
23042,PAPER LANTERN 7 POINT SNOW STAR,Lighting,113.0,778.01
23043,PAPER LANTERN 9 POINT HOLLY STAR 40,Lighting,6.0,37.5
23043,PAPER LANTERN 9 POINT HOLLY STAR L,Lighting,75.0,506.01
23044,PAPER LANTERN 9 POINT HOLLY STAR 23,Lighting,18.0,74.7
23044,PAPER LANTERN 9 POINT HOLLY STAR S,Lighting,83.0,348.59000000000003
23045,PAPER LANTERN 5 POINT STAR MOON,Lighting,124.0,522.88
23045,PAPER LANTERN 5 POINT STAR MOON 30,Lighting,10.0,41.5
23046,PAPER LANTERN 9 POINT DELUXE STAR,Lighting,207.0,2098.19
23047,PAPER LANTERN 5 POINT SEQUIN STAR,Lighting,50.0,287.5
23047,PAPER LANTERN 5 POINT STUDDED STAR,Lighting,8.0,46.0
23048,SET OF 10 LANTERNS FAIRY LIGHT STAR,Decor,510.0,2505.32
23058,CHRISTMAS HANGING SNOWFLAKE,Decor,554.0,430.86
23060,HEART BEADED TRELLIS DECORATION,Decor,249.0,528.1700000000001
23061,VINTAGE EMBOSSED HEART,Decor,1086.0,1261.43
23061,VINTAGE ENGRAVED HEART,Decor,60.0,75.0
23067,HANGING ENGRAVED METAL HEART,Decor,292.0,1228.3600000000001
23068,ALUMINIUM HEART,Decor,30.0,74.7
23068,ALUMINIUM STAMPED HEART,Decor,911.0,1862.3500000000001
23070,EDWARDIAN HEART PHOTO FRAME,Decor,160.0,709.5400000000001
23074,EMBOSSED HEART TRINKET BOX,Decor,304.0,559.75
23082,SET 6 PAPER TABLE LANTERN HEARTS,Decor,2986.0,8654.42
23083,SET 6 PAPER TABLE LANTERN STARS,Decor,2606.0,7457.570000000001
23087,ZINC  HEART T-LIGHT HOLDER,Decor,959.0,1109.41
23088,ZINC HEART FLOWER T-LIGHT HOLDER,Decor,863.0,1033.28
23093,SMALL PARISIENNE HEART PHOTO FRAME,Decor,944.0,2231.77
23094,LE GRAND TRAY CHIC SET,Decor,150.0,1899.92
23099,FRENCH CARRIAGE LANTERN,Lighting,145.0,978.5500000000001
23100,SILVER BELLS TABLE DECORATION,Decor,2367.0,2740.63
23101,SILVER STARS TABLE DECORATION,Decor,2292.0,1739.63
23102,SILVER HEARTS TABLE DECORATION,Decor,1426.0,1075.03
23103,BELL HEART DECORATION,Decor,208.0,387.0
23103,JINGLE BELL HEART DECORATION,Decor,4188.0,6505.36
23106,ZINC HEARTS PLANT POT HOLDER,Decor,295.0,827.15
23107,WHITE HEARTS WIRE PLANT POT HOLDER,Decor,343.0,963.27
23108,SET OF 10 LED DOLLY LIGHTS,Decor,2449.0,13570.62
23109,LED TEA LIGHTS,Kitchen,702.0,1826.76
23109,PACK OF SIX LED TEA LIGHTS,Kitchen,2170.0,5247.3
23124,18PC WOODEN CUTLERY SET DISPOSABLE,Decor,594.0,750.13
23125,6PC WOOD PLATE SET DISPOSABLE,Decor,259.0,574.88
23129,HEART SHAPED HOLLY WREATH,Decor,1069.0,3970.4500000000003
23130,MISELTOE HEART WREATH,Decor,124.0,279.6
23130,MISTLETOE HEART WREATH GREEN,Decor,1115.0,3713.53
23131,MISELTOE HEART WREATH CREAM,Decor,100.0,996.0
23131,MISELTOE HEART WREATH WHITE,Decor,118.0,254.7
23131,MISTLETOE HEART WREATH CREAM,Decor,786.0,2560.38
23132,SMALL IVORY HEART WALL ORGANISER,Decor,1130.0,5161.6
23133,LARGE IVORY HEART WALL ORGANISER,Decor,755.0,5533.65
23134,LARGE ZINC HEART WALL ORGANISER,Decor,614.0,6431.110000000001
23135,SMALL ZINC HEART WALL ORGANISER,Decor,874.0,5416.18
23136,IVORY WIRE SWEETHEART LETTER TRAY,Decor,131.0,496.89
23137,ZINC WIRE SWEETHEART LETTER TRAY,Decor,83.0,275.62
23138,SINGLE WIRE HOOK IVORY HEART,Decor,793.0,1248.9099999999999
23139,SINGLE WIRE HOOK PINK HEART,Decor,276.0,546.0999999999999
23140,TRIPLE WIRE HOOK IVORY HEART,Decor,194.0,815.9
23141,TRIPLE WIRE HOOK PINK HEART,Decor,79.0,272.91
23150,IVORY SWEETHEART SOAP DISH,Decor,149.0,393.24
23151,ZINC SWEETHEART SOAP DISH,Decor,61.0,114.33000000000001
23152,IVORY SWEETHEART WIRE LETTER RACK,Decor,613.0,2106.9
23153,ZINC SWEETHEART WIRE LETTER RACK,Decor,267.0,1035.69
23154,SET OF 4 JAM JAR MAGNETS,Decor,2774.0,5969.76
23156,SET OF 5 MINI GROCERY MAGNETS,Decor,1757.0,3473.21
23157,SET OF 6 NATIVITY MAGNETS,Decor,2530.0,5537.14
23158,SET OF 5 LUCKY CAT MAGNETS,Decor,2896.0,5636.55
23159,SET OF 5 PANCAKE DAY MAGNETS,Decor,2462.0,4740.56
23160,REGENCY TEA SPOON,Kitchen,1910.0,1801.98
23161,REGENCY CAKE FORK,Kitchen,1945.0,2160.3
23162,REGENCY TEA STRAINER,Kitchen,2140.0,5143.6900000000005
23164,REGENCY CAKE SLICE,Kitchen,927.0,2723.6
23170,REGENCY TEA PLATE ROSES,Kitchen,8147.0,12143.55
23171,REGENCY TEA PLATE GREEN,Kitchen,6456.0,10198.24
23172,REGENCY TEA PLATE PINK,Kitchen,5215.0,6498.71
23173,REGENCY TEAPOT ROSES,Kitchen,2360.0,25315.53
23181,BULL DOG BOTTLE TOP WALL CLOCK,Kitchen,205.0,1766.57
23184,BULL DOG BOTTLE OPENER,Kitchen,1207.0,4828.85
23189,SET OF 12 FORK CANDLES,Decor,1868.0,3510.4
23199,JUMBO BAG APPLES,Accessories,15282.0,31360.34
23200,JUMBO BAG PEARS,Accessories,7871.0,14411.79
23201,JUMBO BAG ALPHABET,Accessories,13635.0,28885.25
23202,JUMBO BAG VINTAGE LEAF,Accessories,11772.0,22209.21
23203,JUMBO BAG DOILEY PATTERNS,Accessories,8515.0,17314.45
23203,JUMBO BAG VINTAGE DOILEY,Accessories,144.0,272.57
23203,JUMBO BAG VINTAGE DOILY,Accessories,11379.0,25478.12
23204,CHARLOTTE BAG APPLES DESIGN,Accessories,9333.0,7880.28
23205,CHARLOTTE BAG ALPHABET  DESIGN,Accessories,590.0,320.5
23205,CHARLOTTE BAG VINTAGE ALPHABET,Accessories,6188.0,5546.13
23206,LUNCH BAG APPLE DESIGN,Kitchen,13326.0,20900.23
23207,LUNCH BAG ALPHABET DESIGN,Kitchen,8348.0,13968.65
23208,LUNCH BAG VINTAGE LEAF DESIGN,Kitchen,7347.0,10533.61
23209,LUNCH BAG DOILEY PATTERN,Kitchen,7655.0,10508.79
23209,LUNCH BAG VINTAGE DOILEY,Kitchen,131.0,119.63
23209,LUNCH BAG VINTAGE DOILY,Kitchen,7744.0,10823.2
23212,HEART WREATH DECORATION WITH BELL,Decor,2684.0,2905.89
23212,PAINTED HEART WREATH WITH BELL,Decor,12.0,15.0
23213,STAR WREATH DECORATION WITH BELL,Decor,1878.0,2138.42
23214,BELL HEART ANTIQUE GOLD,Decor,12.0,24.96
23214,JINGLE BELL HEART ANTIQUE GOLD,Decor,829.0,1670.0800000000002
23215,JINGLE BELL HEART ANTIQUE SILVER,Decor,2780.0,7253.2
23216,LAUREL HEART ANTIQUE GOLD,Decor,545.0,630.73
23217,LAUREL HEART ANTIQUE SILVER,Decor,1561.0,1613.82
23220,REINDEER HEART DECORATION GOLD,Decor,1129.0,879.11
23221,REINDEER HEART DECORATION SILVER,Decor,1805.0,1391.26
23222,CHRISTMAS TREE HANGING GOLD,Decor,896.0,738.45
23223,CHRISTMAS TREE HANGING SILVER,Decor,974.0,760.15
23224,CHERUB HEART DECORATION GOLD,Decor,817.0,660.64
23225,CHERUB HEART DECORATION SILVER,Decor,1613.0,1225.97
23226,FILIGREE HEART DAISY WHITE,Decor,1503.0,1656.67
23227,FILIGREE HEART BUTTERFLY WHITE,Decor,1608.0,2077.56
23228,FILIGREE HEART BIRD WHITE,Decor,1604.0,2109.76
23234,BISCUIT TIN VINTAGE CHRISTMAS,Decor,2070.0,5021.9800000000005
23237,SET OF 4 KNICK KNACK TINS LEAF,Decor,921.0,3077.5099999999998
23237,SET OF 4 KNICK KNACK TINS LEAVES,Decor,355.0,1241.33
23238,SET OF 4 KNICK KNACK TINS LONDON,Decor,2241.0,7837.21
23239,SET OF 4 KNICK KNACK TINS POPPIES,Decor,914.0,3419.84
23240,SET OF 4 KNICK KNACK TINS  DOILEY,Decor,6.0,24.9
23240,SET OF 4 KNICK KNACK TINS DOILEY,Decor,2057.0,7256.69
23240,SET OF 4 KNICK KNACK TINS DOILY,Decor,2755.0,9838.13
23243,SET OF TEA COFFEE SUGAR TINS PANTRY,Decor,3376.0,24015.170000000002
23245,SET OF 3 REGENCY CAKE TINS,Decor,6831.0,31520.25
23247,BISCUIT TIN 50'S CHRISTMAS,Decor,2759.0,6799.79
23253,16 PC CUTLERY SET PANTRY DESIGN,Decor,4.0,63.8
23253,16 PIECE CUTLERY SET PANTRY DESIGN,Decor,256.0,3816.96
23263,SET OF 3 WOODEN HEART DECORATIONS,Decor,4270.0,5175.94
23264,SET OF 3 WOODEN SLEIGH DECORATIONS,Decor,2108.0,2647.06
23265,SET OF 3 WOODEN TREE DECORATIONS,Decor,1876.0,2378.54
23266,SET OF 3 WOODEN STOCKING DECORATION,Decor,2221.0,2728.82
23267,SET OF 4 SANTA PLACE SETTINGS,Decor,1398.0,1576.95
23268,SET OF 2 CERAMIC CHRISTMAS REINDEER,Decor,1214.0,1999.29
23269,SET OF 2 CERAMIC CHRISTMAS TREES,Decor,1027.0,1152.98
23270,SET OF 2 CERAMIC PAINTED HEARTS,Decor,1220.0,1620.2199999999998
23271,CHRISTMAS TABLE CANDLE SILVER SPIKE,Decor,16.0,13.28
23271,CHRISTMAS TABLE SILVER CANDLE SPIKE,Decor,2615.0,1457.05
23273,HEART T-LIGHT HOLDER WILLIE WINKIE,Decor,961.0,1635.85
23275,SET OF 3 HANGING OWLS OLLIE BEAK,Decor,3617.0,4617.13
23283,DOORMAT VINTAGE LEAF,Home,567.0,4146.65
23283,DOORMAT VINTAGE LEAVES DESIGN,Home,430.0,2881.18
23284,DOORMAT KEEP CALM AND COME IN,Home,5493.0,39677.44
23293,SET OF 12 FAIRY CAKE BAKING CASES,Decor,7999.0,7016.099999999999
23294,SET OF 6 SNACK LOAF BAKING CASES,Decor,3985.0,3618.6
23295,SET OF 12 MINI LOAF BAKING CASES,Decor,5567.0,5084.24
23296,SET OF 6 TEA TIME BAKING CASES,Decor,4774.0,6019.3
23297,SET 40 HEART SHAPE PETIT FOUR CASES,Decor,3161.0,6835.13
23299,"FOOD COVER WITH BEADS , SET 2 SIZES",Decor,3.0,11.25
23299,FOOD COVER WITH BEADS SET 2,Decor,1267.0,3791.63
23300,GARDENERS KNEELING PAD CUP OF TEA,Kitchen,7404.0,11997.789999999999
23303,SET 4 PICNIC CUTLERY FONDANT,Decor,65.0,126.75
23304,SET 4 PICNIC CUTLERY CHERRY,Decor,71.0,138.45
23305,SET 4 PICNIC CUTLERY BLUEBERRY,Decor,82.0,159.9
23306,SET OF 36 DOILIES PANTRY DESIGN,Decor,2608.0,3993.75
23306,SET OF 36 PANTRY PAPER DOILIES,Decor,67.0,139.78
23307,SET OF 60 PANTRY DESIGN CAKE CASES,Decor,10735.0,6379.59
23308,SET OF 60 VINTAGE LEAF CAKE CASES,Decor,5539.0,3259.41
23309,SET OF 60 I LOVE LONDON CAKE CASES,Decor,6714.0,4516.2
23311,VINTAGE CHRISTMAS STOCKING,Decor,2765.0,6511.150000000001
23312,VINTAGE CHRISTMAS GIFT SACK,Decor,1560.0,5968.3
23313,VINTAGE CHRISTMAS BUNTING,Decor,3377.0,15759.06
23314,VINTAGE CHRISTMAS TABLECLOTH,Decor,412.0,5075.46
23320,GIANT 50'S CHRISTMAS CRACKER,Decor,3194.0,7091.14
23321,SMALL WHITE HEART OF WICKER,Decor,5348.0,8502.89
23322,LARGE WHITE HEART OF WICKER,Decor,3656.0,9048.060000000001
23326,HANGING MINI COLOURED BOTTLES,Kitchen,4362.0,2206.8399999999997
23327,HANGING CLEAR MINI BOTTLE,Kitchen,2210.0,1025.62
23328,SET 6 SCHOOL MILK BOTTLES IN CRATE,Decor,3286.0,13299.13
23329,DECORATIVE WICKER HEART LARGE,Decor,2102.0,3043.14
23330,DECORATIVE WICKER HEART MEDIUM,Decor,2158.0,2294.47
23331,DECORATIVE WICKER HEART SMALL,Decor,2688.0,1062.28
23332,IVORY WICKER HEART LARGE,Decor,2385.0,3526.21
23333,IVORY WICKER HEART MEDIUM,Decor,2649.0,2710.45
23334,IVORY WICKER HEART SMALL,Decor,4058.0,1491.75
23340,VINTAGE CHRISTMAS CAKE FRILL,Decor,2046.0,4034.08
23343,JUMBO BAG VINTAGE CHRISTMAS,Decor,7041.0,14434.710000000001
23344,JUMBO BAG 50'S CHRISTMAS,Decor,11906.0,24217.43
23348,CHILDRENS TOY COOKING UTENSIL SET,Decor,1021.0,1681.07
23349,ROLL WRAP VINTAGE CHRISTMAS,Decor,3497.0,4372.6
23351,ROLL WRAP 50'S CHRISTMAS,Decor,4048.0,4980.53
23352,ROLL WRAP 50'S RED CHRISTMAS,Decor,1996.0,2474.2
23353,6 GIFT TAGS VINTAGE CHRISTMAS,Decor,4839.0,3529.9700000000003
23354,6 GIFT TAGS 50'S CHRISTMAS,Decor,4656.0,3479.2000000000003
23355,HOT WATER BOTTLE KEEP CALM,Kitchen,6300.0,28958.2
23356,LOVE HOT WATER BOTTLE,Kitchen,2249.0,13346.220000000001
23357,HOT WATER BOTTLE SEX BOMB,Kitchen,450.0,1982.05
23358,HOT STUFF HOT WATER BOTTLE,Kitchen,824.0,2134.32
23359,SET OF 12 T-LIGHTS VINTAGE DOILEY,Decor,61.0,118.94999999999999
23359,SET OF 12 T-LIGHTS VINTAGE DOILY,Decor,1113.0,1747.51
23360,SET 8 CANDLES VINTAGE DOILEY,Decor,150.0,216.29999999999998
23360,SET 8 CANDLES VINTAGE DOILY,Decor,1108.0,2070.1
23365,SET 12 COLOUR PENCILS LOVE LONDON,Decor,2072.0,1463.08
23366,SET 12 COLOUR PENCILS DOILEY,Decor,48.0,31.200000000000003
23366,SET 12 COLOURING PENCILS DOILEY,Decor,1.0,0.65
23366,SET 12 COLOURING PENCILS DOILY,Decor,2302.0,1636.1
23367,SET 12 COLOUR PENCILS SPACEBOY,Decor,3270.0,2501.6
23368,SET 12 COLOUR PENCILS DOLLY GIRL,Decor,2319.0,1683.45
23369,SET 36 COLOUR PENCILS LOVE LONDON,Decor,1214.0,1561.06
23370,SET 36 COLOUR PENCILS DOILEY,Decor,132.0,80.0
23370,SET 36 COLOURING PENCILS DOILEY,Decor,1.0,1.25
23370,SET 36 COLOURING PENCILS DOILY,Decor,1749.0,2051.6
23371,SET 36 COLOUR PENCILS SPACEBOY,Decor,1858.0,2284.78
23372,SET 36 COLOUR PENCILS DOLLY GIRL,Decor,1429.0,1770.29
23373,VINTAGE CHRISTMAS PAPER GIFT BAG,Decor,1798.0,1313.3899999999999
23374,RED SPOT PAPER GIFT BAG,Accessories,2514.0,1975.9499999999998
23375,50'S CHRISTMAS PAPER GIFT BAG,Decor,1503.0,1101.51
23376,PACK OF 12 VINTAGE CHRISTMAS TISSUE,Decor,2957.0,1394.27
23378,PACK OF 12 50'S CHRISTMAS TISSUES,Decor,3420.0,1840.08
23382,BOX OF 6 CHRISTMAS CAKE DECORATIONS,Decor,2496.0,7419.93
23393,HOME SWEET HOME CUSHION COVER,Home,818.0,3271.66
23397,FOOT STOOL HOME SWEET HOME,Home,557.0,5137.45
23398,HANGING HEART BONHEUR,Decor,711.0,536.1999999999999
23399,HOME SWEET HOME HANGING HEART,Decor,2250.0,1745.55
23400,SHELF WITH 4 HOOKS HOME SWEET HOME,Home,439.0,2421.84
23401,RUSTIC MIRROR WITH LACE HEART,Decor,424.0,2373.62
23402,HOME SWEEET HOME 3 PEG HANGER,Home,25.0,93.75
23402,HOME SWEET HOME 3 PEG HANGER,Home,323.0,1053.53
23403,LETTER HOLDER HOME SWEET HOME,Home,588.0,2215.36
23404,HOME SWEET HOME BLACKBOARD,Home,1108.0,4705.31
23405,HOME SWEET HOME 2 DRAWER CABINET,Home,253.0,1316.43
23406,HOME SWEET HOME KEY HOLDER,Home,421.0,2441.4100000000003
23407,SET OF 2 TRAYS HOME SWEET HOME,Decor,273.0,2769.1299999999997
23412,HEART MIRROR ANTIQUE WHITE,Decor,348.0,2369.8
23414,ZINC BOX SIGN HOME,Home,145.0,1418.55
23415,HOME SWEET HOME HOOK,Home,333.0,420.43
23418,LAVENDER TOILETTE BOTTLE,Kitchen,713.0,1166.0
23419,HOME SWEET HOME BOTTLE,Kitchen,526.0,1045.8
23420,PANTRY HOOK TEA STRAINER,Kitchen,164.0,351.37
23423,PANTRY 3 HOOK ROLLING PIN HANGER,Home,224.0,895.65
23425,STORAGE TIN HOME SWEET HOME,Home,282.0,638.87
23427,STOOL HOME SWEET HOME,Home,279.0,2883.48
23431,NATURAL HANGING QUILTED HEARTS,Decor,1041.0,1184.51
23432,PRETTY HANGING QUILTED HEARTS,Decor,1456.0,1088.3600000000001
23434,3 RAFFIA RIBBONS 50'S CHRISTMAS,Decor,2145.0,1892.0700000000002
23435,3 RAFFIA RIBBONS VINTAGE CHRISTMAS,Decor,724.0,732.4200000000001
23436,GIFT BAG LARGE VINTAGE CHRISTMAS,Decor,208.0,185.0
23436,VINTAGE CHRISTMAS GIFT BAG LARGE,Decor,1546.0,2201.14
23437,50'S CHRISTMAS GIFT BAG LARGE,Decor,1913.0,2346.13
23437,GIFT BAG LARGE 50'S CHRISTMAS,Decor,24.0,30.0
23438,GIFT BAG LARGE SPOT,Accessories,96.0,120.0
23438,RED SPOT GIFT BAG LARGE,Accessories,1585.0,2089.92
23439,HAND WARMER RED LOVE HEART,Decor,4134.0,8830.310000000001
23449,SET OF 6 EASTER RAINBOW CHICKS,Decor,12.0,15.0
23452,HEART MINI PORTRAIT FRAME,Decor,519.0,1023.7099999999999
23454,SET OF 3 MINI HANGING PORTRAITS,Decor,32.0,123.2
23460,SWEETHEART WALL TIDY,Decor,181.0,1056.83
23461,SWEETHEART BIRD HOUSE,Decor,331.0,3057.81
23473,WOODLAND SMALL RED FELT HEART,Decor,586.0,552.02
23474,WOODLAND SMALL BLUE FELT HEART,Decor,312.0,270.96000000000004
23475,WOODLAND SMALL PINK FELT HEART,Decor,286.0,242.18
23476,WOODLAND LARGE RED FELT HEART,Decor,205.0,264.72
23477,WOODLAND LARGE BLUE FELT HEART,Decor,92.0,123.47
23478,WOODLAND LARGE PINK FELT HEART,Decor,193.0,324.40000000000003
23481,PEARLISED IVORY HEART SMALL,Decor,228.0,281.17
23482,PEARLISED IVORY HEART LARGE,Decor,374.0,661.02
23484,HEART TRELLIS TRIPLE T-LIGHT HOLDER,Decor,129.0,395.11
23484,HEART TRELLISTRIPLE T-LIGHT HOLDER,Decor,56.0,152.24
23486,ANTIQUE HEART SHELF UNIT,Decor,235.0,4295.17
23487,SWEET HEART CAKE CARRIER,Decor,89.0,885.13
23491,VINTAGE JINGLE BELLS HEART,Decor,229.0,1906.01
23495,SET OF 3 PANTRY WOODEN SPOONS,Decor,225.0,306.66
23499,SET 12 VINTAGE DOILY CHALK,Decor,1467.0,586.23
23534,STOP FOR TEA WALL ART,Kitchen,455.0,2554.85
23534,WALL ART STOP FOR TEA,Kitchen,902.0,6060.0
23538,WALL ART VINTAGE HEART,Decor,215.0,1329.54
23560,SET OF 6 RIBBONS COUNTRY STYLE,Decor,212.0,499.18
23561,SET OF 6 RIBBONS PARTY,Decor,210.0,476.0
23562,SET OF 6 RIBBONS PERFECTLY PRETTY,Decor,291.0,724.59
23569,TRADTIONAL ALPHABET STAMP SET,Decor,944.0,4707.76
23581,JUMBO BAG PAISLEY PARK,Accessories,5843.0,11785.79
23582,VINTAGE DOILY JUMBO BAG RED,Accessories,3723.0,10408.29
23583,LUNCH BAG PAISLEY PARK,Kitchen,3545.0,5513.83
23601,SET 10 CARDS SNOWY SNOWDROPS  17100,Decor,8.0,19.92
23602,SET 10 CARDS 3 WISE MEN 17107,Decor,1.0,2.91
23603,SET 10 CARD KRAFT REINDEER 17084,Decor,20.0,49.800000000000004
23604,SET 10 MINI SANTA & SNOWMAN  17087,Decor,4.0,6.640000000000001
23605,SET 10 CARDS 12 DAYS OF XMAS 17059,Decor,4.0,11.64
23607,SET 10 CARDS HATS & STOCKINGS 17081,Decor,8.0,13.28
23608,SET 10 CARDS RUDOLPHS NOSE 17097,Decor,4.0,11.64
23609,SET 10 CARDS SNOWY ROBIN 17099,Decor,1.0,2.91
23610,SET 10 CARDS CHRISTMAS ROBIN 17095,Decor,3.0,6.24
23611,SET 10 CARDS RED RIDING HOOD 17214,Decor,40.0,99.60000000000001
23612,SET 10 MINICARDS CUTE SNOWMAN 17071,Decor,5.0,8.299999999999999
23613,SET 10 XMAS CARDS & BADGES 17070,Decor,11.0,27.39
23614,SET 10 CARDS 12 DAYS WRAP  17058,Decor,26.0,86.58
23615,SET 10 CARDS PRINTED GRAPHIC 17219,Decor,4.0,9.96
23616,SET 10 CARDS JINGLE BELLS 17217,Decor,8.0,19.92
23617,SET 10 CARDS SWIRLY XMAS TREE 17104,Decor,2.0,5.82
23619,SET 10 CARDS POINSETTIA 17093,Decor,4.0,9.96
23620,SET 10 CARDS PERFECT POST 17090,Decor,10.0,24.900000000000002
23621,SET 10 CARDS DAVID'S MADONNA 17074,Decor,6.0,14.940000000000001
23623,SET 10 CARD CHRISTMAS WELCOME 17112,Decor,8.0,23.28
23624,SET 10 CARD PERFECT NATIVITY 17089,Decor,4.0,9.96
23625,SET 6 CARDS SPARKLY REINDEER 17262,Decor,9.0,44.910000000000004
23626,SET 10 CARDS DINKY TREE 17076,Decor,43.0,107.07000000000001
23627,SET 10 CARDS XMAS GRAPHIC  17218,Decor,7.0,17.43
23628,SET 10 CARDS TRIANGLE ICONS  17220,Decor,1.0,2.91
23629,SET 10 CARDS DRESSING UP 17077,Decor,24.0,59.760000000000005
23630,SET 10 CARDS HANGING BAUBLES 17080,Decor,3.0,8.47
23632,SET 10 CARDS CHEERFUL ROBIN 17065,Decor,15.0,31.200000000000003
23633,SET 10 CARDS WORLD CHILDREN 17067,Decor,3.0,7.470000000000001
23634,SET 10 CARDS XMAS CHOIR 17068,Decor,5.0,14.55
23635,SET 10 CARDS CHRISTMAS HOLLY  17259,Decor,3.0,12.48
23636,SET 10 CARDS WISHING TREE 17116,Decor,9.0,26.19
23637,SET 10 CARDS OUT OF ORDER 17216,Decor,11.0,27.39
23638,SET 10 CARDS ROBIN WATERPUMP  17096,Decor,2.0,5.82
23639,SET 10 CARDS MAGICAL TREE 17086,Decor,4.0,13.32
23640,SET 10 CARDS SCOTTIE DOG 17211,Decor,9.0,22.410000000000004
23643,SET 10 CARDS CHRISTMAS BAUBLE 16954,Decor,1.0,3.33
23644,SET 10 CARDS CHRISTMAS TREE 16955,Decor,5.0,16.65
23645,SET 10 CHRISTMAS CARDS HOHOHO 16956,Decor,9.0,22.410000000000004
23646,SET 10 CARDS JINGLE BELLS 16957,Decor,8.0,19.92
23649,SET 10 CARDS DECK THE HALLS 16960,Decor,2.0,4.98
23650,SET 10 CARDS FILIGREE BAUBLE 16961,Decor,4.0,9.96
23652,SET 10 CARD CHRISTMAS STAMPS 16963,Decor,2.0,5.82
23654,SET 10 CARD SNOWMAN 16965,Decor,5.0,12.450000000000001
23681,LUNCH BAG RED VINTAGE DOILY,Kitchen,1676.0,2525.04
35004B,SET OF 3 BLACK FLYING DUCKS,Decor,827.0,3071.61
35004C,SET OF 3 COLOURED  FLYING DUCKS,Decor,578.0,2058.7
35004G,SET OF 3 GOLD FLYING DUCKS,Decor,181.0,458.54999999999995
35004P,SET OF 3 PINK FLYING DUCKS,Decor,1.0,5.45
35271S,GOLD PRINT PAPER BAG,Accessories,19.0,3.6100000000000003
35471D,SET OF 3 BIRD LIGHT PINK FEATHER,Decor,2070.0,981.61
35591T,TURQUOISE CHRISTMAS TREE,Decor,5.0,6.25
35597A,DUSTY PINK CHRISTMAS TREE 30CM,Decor,1.0,1.25
35597B,BLACKCHRISTMAS TREE 30CM,Decor,1.0,1.25
35597D,PINK/WHITE CHRISTMAS TREE 30CM,Decor,46.0,17.479999999999997
35598A,DUSTY PINK CHRISTMAS TREE 60CM,Decor,9.0,26.550000000000004
35598B,BLACK CHRISTMAS TREE 60CM,Decor,446.0,460.64
35598C,WHITE CHRISTMAS TREE 60CM,Decor,2.0,5.9
35598D,PINK/WHITE CHRISTMAS TREE 60CM,Decor,597.0,493.65999999999997
35599B,BLACK CHRISTMAS TREE 120CM,Decor,245.0,551.13
35599D,PINK AND WHITE CHRISTMAS TREE 120CM,Decor,261.0,553.07
35607A,PINK FLUFFY CHRISTMAS DECORATION,Decor,26.0,7.82
35607B,BLACK FEATHER CHRISTMAS DECORATION,Decor,96.0,18.240000000000002
35609A,PINK FEATHER CHRISTMAS DECORATION,Decor,1.0,2.51
35610A,PINK CHRISTMAS FLOCK DROPLET,Decor,10.0,15.02
35610B,BLACK CHRISTMAS FLOCK DROPLET,Decor,24.0,30.0
35610C,WHITE CHRISTMAS FLOCK DROPLET,Decor,25.0,32.51
35646,VINTAGE BEAD PINK EVENING BAG,Accessories,618.0,936.0
35649,VINTAGE BEAD COSMETIC BAG,Accessories,57.0,156.85
35809A,ENAMEL PINK TEA CONTAINER,Kitchen,420.0,488.06
35809B,ENAMEL BLUE RIM TEA CONTAINER,Kitchen,8.0,9.18
35809a,ENAMEL PINK TEA CONTAINER,Kitchen,9.0,37.33
35833G,4 GOLD FLOCK CHRISTMAS BALLS,Decor,2.0,6.72
35833P,4 PINK FLOCK CHRISTMAS BALLS,Decor,49.0,88.47
35909A,RABBIT EASTER DECORATION,Decor,8.0,23.6
35912B,WHITE/PINK CHICK DECORATION,Decor,308.0,301.26
35913B,WHITE/PINK CHICK EASTER DECORATION,Decor,36.0,35.48
35916A,YELLOW FELT HANGING HEART W FLOWER,Decor,87.0,67.39
35916B,BLUE FELT HANGING HEART W FLOWER,Decor,16.0,26.11
35916B,BLUE FELT HANGING HEART WITH FLOWER,Decor,75.0,50.57
35916C,PINK FELT HANGING HEART W FLOWER,Decor,106.0,107.72
35920,FOUR RABBIT EASTER DECORATIONS,Decor,72.0,104.84
35923,CANDY HEART HANGING DECORATION,Decor,1021.0,690.91
35924,HANGING FAIRY CAKE DECORATION,Decor,1031.0,1786.8100000000002
35933,PINK STOCKING CHRISTMAS DECORATION,Decor,356.0,92.21
35953,FOLKART STAR CHRISTMAS DECORATIONS,Decor,6437.0,1663.6699999999998
35954,SMALL FOLKART STAR CHRISTMAS DEC,Decor,2027.0,350.47999999999996
35957,SMALLFOLKART BAUBLE CHRISTMAS DEC,Decor,930.0,380.04999999999995
35958,FOLKART ZINC STAR CHRISTMAS DEC,Decor,12.0,10.2
35961,FOLKART ZINC HEART CHRISTMAS DEC,Decor,2662.0,2630.66
35965,FOLKART HEART NAPKIN RINGS,Decor,442.0,570.09
35966,FOLKART CHRISTMAS TREE T-LIGHT HOLD,Decor,27.0,10.260000000000002
35968,FOLK ART METAL HEART T-LIGHT HOLDER,Decor,158.0,80.2
35971,ROSE FOLKART HEART DECORATIONS,Decor,531.0,622.18
35972,DAISY FOLKART HEART DECORATION,Decor,96.0,120.0
37333,"RETRO ""TEA FOR ONE""",Kitchen,25.0,120.99
37446,MINI CAKE STAND WITH HANGING CAKES,Kitchen,2263.0,2064.94
37447,CERAMIC CAKE DESIGN SPOTTED PLATE,Kitchen,941.0,1337.1699999999998
37448,CERAMIC CAKE DESIGN SPOTTED MUG,Kitchen,1704.0,2273.68
37449,CERAMIC CAKE STAND + HANGING CAKES,Kitchen,857.0,5563.99
37450,CERAMIC CAKE BOWL + HANGING CAKES,Kitchen,942.0,2213.7400000000002
37474,SET/4 2 TONE EGG SHAPE MIXING BOWLS,Decor,1.0,9.95
37475,SET/4 COLOURFUL MIXING BOWLS,Decor,70.0,661.9799999999999
37495,FAIRY CAKE BIRTHDAY CANDLE SET,Decor,617.0,1805.99
37500,TEA TIME TEAPOT IN GIFT BOX,Kitchen,383.0,2385.53
37501,TEA TIME TEA SET IN GIFT BOX,Decor,135.0,920.73
37503,TEA TIME CAKE STAND IN GIFT BOX,Kitchen,1.0,10.75
40016,CHINESE DRAGON PAPER LANTERNS,Lighting,3637.0,2136.34
46775D,SUNSET COLOUR CHUNKY KNITTED THROW,Decor,60.0,720.93
46776D,WOVEN SUNSET CUSHION COVER,Decor,89.0,378.29
47013A,WINE BOTTLE DRESSING LT.BLUE,Kitchen,14.0,3.0399999999999996
47013C,WINE BOTTLE DRESSING DARK BLUE,Kitchen,64.0,14.41
47016,LIGHT DECORATION BATTERY OPERATED,Decor,2.0,4.2
47021G,SET/6 BEAD COASTERS GAUZE BAG GOLD,Decor,768.0,290.58
47367B,PAIR PADDED HANGERS PINK CHECK,Home,112.0,376.27
47369A,PINK GREEN EMBROIDERY COSMETIC BAG,Accessories,27.0,75.49
47369B,BLUE GREEN EMBROIDERY COSMETIC BAG,Accessories,35.0,97.13
47503J,SET/3 FLORAL GARDEN TOOLS IN BAG,Decor,3.0,23.85
47556B,TEA TIME TEA TOWELS,Kitchen,200.0,6045.0
47559B,TEA TIME OVEN GLOVE,Kitchen,2581.0,2621.15
47559b,TEA TIME OVEN GLOVE,Kitchen,103.0,342.65
47566B,TEA TIME PARTY BUNTING,Kitchen,3881.0,14908.82
47566b,TEA TIME PARTY BUNTING,Kitchen,199.0,1651.1499999999999
47567B,TEA TIME KITCHEN APRON,Kitchen,903.0,3460.8
47570B,TEA TIME TABLE CLOTH,Kitchen,358.0,1727.23
47570b,TEA TIME TABLE CLOTH,Kitchen,2.0,42.019999999999996
47574B,ENGLISH ROSE SCENTED HANGING HEART,Decor,4.0,17.0
47579,TEA TIME BREAKFAST BASKET,Kitchen,1.0,2.1
47580,TEA TIME DES TEA COSY,Kitchen,450.0,1147.32
47585A,PINK FAIRY CAKE CUSHION COVER,Kitchen,264.0,1129.44
47586A,PINK FAIRY CAKE CUSHION COVER,Kitchen,21.0,53.55
47591D,PINK FAIRY CAKE CHILDRENS APRON,Kitchen,3922.0,6056.349999999999
47591d,PINK FAIRY CAKE CHILDRENS APRON,Kitchen,134.0,672.24
47594A,CAROUSEL DESIGN WASHBAG,Accessories,117.0,217.39
47594B,SCOTTIES DESIGN WASHBAG,Accessories,174.0,322.34999999999997
47599A,PINK PARTY BAGS,Accessories,2483.0,4660.0
47599B,BLUE PARTY BAGS,Accessories,1455.0,2929.42
48111,DOORMAT 3 SMILEY CATS,Home,769.0,7676.679999999999
48116,DOORMAT MULTICOLOUR STRIPE,Home,1125.0,9040.03
48129,DOORMAT TOPIARY,Home,791.0,6121.29
48138,DOORMAT UNION FLAG,Home,3783.0,25615.75
48173C,DOORMAT BLACK FLOCK,Home,1263.0,10041.61
48173c,DOORMAT BLACK FLOCK,Home,15.0,252.95000000000002
48184,DOORMAT ENGLISH ROSE,Home,2360.0,14251.85
48185,DOORMAT FAIRY CAKE,Kitchen,2123.0,28363.61
48187,DOORMAT NEW ENGLAND,Home,3273.0,24060.09
48188,DOORMAT WELCOME PUPPIES,Home,1409.0,12066.97
48189,DOORMAT FRIENDSHIP,Home,27.0,451.10999999999996
48194,DOORMAT HEARTS,Decor,2623.0,22058.17
62043B,BLUE CHECK BAG W HANDLE 34X20CM,Accessories,18.0,14.940000000000001
62086A,PINK RETRO BIG FLOWER BAG,Accessories,158.0,171.6
62094B,TURQ ICE CREAM BUM BAG,Accessories,19.0,63.21
62096A,PINK/YELLOW FLOWERS HANDBAG,Accessories,160.0,132.5
62096B,PURPLE/TURQ FLOWERS HANDBAG,Accessories,2.0,2.5
62097B,BLUE STRIPES SHOULDER BAG,Accessories,9.0,7.470000000000001
70006,LOVE HEART POCKET WARMER,Decor,3034.0,1863.98
71053,WHITE METAL LANTERN,Lighting,2101.0,8177.54
71053,WHITE MOROCCAN METAL LANTERN,Lighting,69.0,381.55
72051S,BAG OF SILVER STONES,Accessories,233.0,89.53
72225C,LAVENDER SCENT CAKE CANDLE,Kitchen,712.0,165.6
72349B,SET/6 PURPLE BUTTERFLY T-LIGHTS,Decor,817.0,1486.69
72349b,SET/6 PURPLE BUTTERFLY T-LIGHTS,Decor,159.0,658.51
72351A,SET/6 TURQUOISE BUTTERFLY T-LIGHTS,Decor,1440.0,2498.75
72351B,SET/6 PINK  BUTTERFLY T-LIGHTS,Decor,2155.0,4014.15
72351a,SET/6 TURQUOISE BUTTERFLY T-LIGHTS,Decor,15.0,62.269999999999996
72586,SET OF 6 HALLOWEEN GHOST T-LIGHTS,Decor,1223.0,332.95
72598,SET/12 TAPER CANDLES,Decor,675.0,605.89
72760B,VINTAGE CREAM 3 BASKET CAKE STAND,Kitchen,479.0,4159.99
72798C,SET/4 GARDEN ROSE DINNER CANDLE,Decor,7.0,11.549999999999999
72807A,SET/3 ROSE CANDLE IN JEWELLED BOX,Decor,446.0,1883.82
72807B,SET/3 OCEAN SCENT CANDLE JEWEL BOX,Decor,438.0,1834.96
72807C,SET/3 VANILLA SCENTED CANDLE IN BOX,Decor,915.0,3610.75
72807a,SET/3 ROSE CANDLE IN JEWELLED BOX,Decor,8.0,66.32
72807b,SET/3 OCEAN SCENT CANDLE JEWEL BOX,Decor,4.0,33.16
72807c,SET/3 VANILLA SCENTED CANDLE IN BOX,Decor,5.0,41.449999999999996
72815,3 WICK CHRISTMAS BRIAR CANDLE,Decor,7.0,30.97
72816,SET/3 CHRISTMAS DECOUPAGE CANDLES,Decor,812.0,1035.32
72817,SET OF 2 CHRISTMAS DECOUPAGE CANDLE,Decor,1288.0,1262.27
72818,CHRISTMAS DECOUPAGE CANDLE,Decor,2533.0,847.9
78034B,BLUE NETTING STORAGE HANGER,Home,8.0,15.6
79000,MOROCCAN TEA GLASS,Kitchen,3321.0,3363.39
79160,HEART SHAPE WIRELESS DOORBELL,Decor,616.0,812.63
79161A,ST GEORGE SET OF 10 PARTY LIGHTS,Decor,2.0,5.9
82095,HEART BUTTONS JEWELLERY BOX,Decor,68.0,356.11
82613A,"METAL SIGN,CUPCAKE SINGLE HOOK",Kitchen,71.0,92.38
82613B,"METAL SIGN,CUPCAKE SINGLE HOOK",Kitchen,723.0,508.64
82613C,"METAL SIGN,CUPCAKE SINGLE HOOK",Kitchen,677.0,451.78
82613D,METAL SIGN CUPCAKE SINGLE HOOK,Kitchen,776.0,542.64
82613a,"METAL SIGN,CUPCAKE SINGLE HOOK",Kitchen,1.0,2.46
82613b,"METAL SIGN,CUPCAKE SINGLE HOOK",Kitchen,4.0,9.94
82613c,"METAL SIGN,CUPCAKE SINGLE HOOK",Kitchen,5.0,12.399999999999999
84029E,RED WOOLLY HOTTIE WHITE HEART.,Decor,4591.0,22282.18
84029G,KNITTED UNION FLAG HOT WATER BOTTLE,Kitchen,3957.0,16172.04
84030E,ENGLISH ROSE HOT WATER BOTTLE,Kitchen,1756.0,6410.44
84030e,ENGLISH ROSE HOT WATER BOTTLE,Kitchen,108.0,877.76
84031A,CHARLIE+LOLA RED HOT WATER BOTTLE,Kitchen,450.0,1998.91
84031B,CHARLIE LOLA BLUE HOT WATER BOTTLE,Kitchen,324.0,1476.67
84031a,CHARLIE+LOLA RED HOT WATER BOTTLE,Kitchen,1.0,16.63
84031b,CHARLIE LOLA BLUE HOT WATER BOTTLE,Kitchen,1.0,16.63
84032A,CHARLIE+LOLA PINK HOT WATER BOTTLE,Kitchen,1215.0,3467.58
84032B,CHARLIE + LOLA RED HOT WATER BOTTLE,Kitchen,1214.0,2555.09
84050,PINK HEART SHAPE EGG FRYING PAN,Decor,3962.0,4764.68
84078A,SET/4 WHITE RETRO STORAGE CUBES,Decor,450.0,17611.55
84201C,HAPPY BIRTHDAY CARD TEDDY/CAKE,Kitchen,5.0,0.95
84206A,3 BLACK CATS W HEARTS BLANK CARD,Decor,24.0,4.56
84247E,PACK OF 12 CHRISTMAS FUN CARDS,Decor,129.0,351.64000000000004
84341B,SMALL PINK MAGIC CHRISTMAS TREE,Decor,1341.0,282.38
84352,SILVER CHRISTMAS TREE BAUBLE STAND,Decor,38.0,645.15
84375,SET OF 20 KIDS COOKIE CUTTERS,Decor,4963.0,9404.150000000001
84378,SET OF 3 HEART COOKIE CUTTERS,Decor,6177.0,8596.75
84380,SET OF 3 BUTTERFLY COOKIE CUTTERS,Decor,6066.0,8252.31
84406B,CREAM CUPID HEARTS COAT HANGER,Decor,2825.0,7815.67
84457,SET/3 RABBITS FLOWER SKIPPPING ROPE,Decor,126.0,112.55999999999999
84459A,PINK METAL CHICKEN HEART,Decor,690.0,1144.6
84459B,YELLOW METAL CHICKEN HEART,Decor,633.0,1079.67
84466,TOP SECRET PEN SET,Decor,46.0,57.5
84509A,SET OF 4 ENGLISH ROSE PLACEMATS,Decor,933.0,3451.03
84509B,SET OF 4 FAIRY CAKE PLACEMATS,Decor,217.0,806.04
84509C,SET OF 4 POLKADOT PLACEMATS,Decor,130.0,498.94
84509E,SET OF 4 CAROUSEL PLACEMATS,Decor,91.0,183.45
84509G,SET OF 4 FAIRY CAKE PLACEMATS,Decor,601.0,950.49
84509a,SET OF 4 ENGLISH ROSE PLACEMATS,Decor,104.0,775.84
84509b,SET OF 4 FAIRY CAKE PLACEMATS,Decor,5.0,37.3
84509c,SET OF 4 POLKADOT PLACEMATS,Decor,43.0,322.22
84509g,SET OF 4 FAIRY CAKE PLACEMATS,Decor,2.0,14.92
84510A,SET OF 4 ENGLISH ROSE COASTERS,Decor,1197.0,1631.57
84510C,SET OF 4 POLKADOT COASTERS,Decor,132.0,211.32999999999998
84510E,SET OF 4 GREEN CAROUSEL COASTERS,Decor,34.0,48.29
84510a,SET OF 4 ENGLISH ROSE COASTERS,Decor,53.0,130.48
84510c,SET OF 4 POLKADOT COASTERS,Decor,40.0,98.7
84510e,SET OF 4 GREEN CAROUSEL COASTERS,Decor,1.0,2.46
84519A,TOMATO CHARLIE+LOLA COASTER SET,Decor,720.0,905.5500000000001
84519B,CARROT CHARLIE+LOLA COASTER SET,Decor,523.0,773.3
84534B,FAIRY CAKE NOTEBOOK A5 SIZE,Kitchen,53.0,50.72
84534b,FAIRY CAKE NOTEBOOK A5 SIZE,Kitchen,2.0,3.32
84535B,FAIRY CAKES NOTEBOOK A6 SIZE,Kitchen,1701.0,911.95
84536B,FAIRY CAKES NOTEBOOK A7 SIZE,Kitchen,2546.0,908.3
84536b,FAIRY CAKES NOTEBOOK A7 SIZE,Kitchen,5.0,4.050000000000001
84569D,PACK 6 HEART/ICE-CREAM PATCHES,Decor,467.0,560.62
84576,BLUE CAT BISCUIT BARREL PINK HEART,Decor,66.0,148.32
84593,CROCHET ROSE DES CLOTHES HANGER,Home,5.0,14.750000000000002
84715,SET OF 6 ICE CREAM SKITTLES,Decor,16.0,47.2
84750A,PINK SMALL GLASS CAKE STAND,Kitchen,51.0,99.44999999999999
84750B,BLACK SMALL GLASS CAKE STAND,Kitchen,62.0,55.379999999999995
84751B,BLACK MEDIUM GLASS CAKE STAND,Kitchen,18.0,37.9
84754,S/15 SILVER GLASS BAUBLES IN BAG,Accessories,642.0,878.16
84760S,SMALL HANGING GLASS+ZINC LANTERN,Lighting,43.0,62.349999999999994
84792,ENCHANTED BIRD COATHANGER 5 HOOK,Home,914.0,4089.01
84795B,SUNSET CHECK HAMMOCK,Decor,176.0,1390.64
84795b,SUNSET CHECK HAMMOCK,Decor,16.0,266.78
84813,SET OF 4 DIAMOND NAPKIN RINGS,Decor,232.0,1384.99
84836,ZINC METAL HEART DECORATION,Decor,6854.0,7399.32
84839,SWEETHEART KEY CABINET,Decor,1.0,5.55
84840,SWEETHEART CARRY-ALL BASKET,Decor,8.0,93.44
84842,HELLO SAILOR BATHROOM SET,Decor,14.0,52.5
84843,WHITE SOAP RACK WITH 2 BOTTLES,Kitchen,237.0,975.75
84847,FLORAL BATHROOM SET,Decor,20.0,75.0
84854,GIRLY PINK TOOL SET,Decor,5.0,24.75
84856L,LARGE TAHITI BEACH BAG,Accessories,2.0,17.82
84856S,SMALL TAHITI BEACH BAG,Accessories,5.0,22.41
84857B,BLUE MONTE CARLO HANDBAG,Accessories,26.0,50.699999999999996
84857C,PINK MONTE CARLO HANDBAG,Accessories,99.0,234.28
84858C,PINK RIVIERA HANDBAG,Accessories,205.0,261.68
84859A,SILVER DISCO HANDBAG,Accessories,129.0,272.99
84859B,BLUE DISCO HANDBAG,Accessories,31.0,64.81
84859C,PINK DISCO HANDBAG,Accessories,84.0,180.51999999999998
84872A,TEATIME FUNKY FLOWER BACKPACK FOR 2,Kitchen,43.0,450.08
84872a,TEATIME FUNKY FLOWER BACKPACK FOR 2,Kitchen,26.0,282.15
84873A,FUNKY FLOWER PICNIC BAG FOR 4,Accessories,2.0,33.9
84876B,GREEN HEART COMPACT MIRROR,Decor,270.0,315.81
84876D,BLUE HEART COMPACT MIRROR,Decor,128.0,217.5
84884A,ANT WHITE WIRE HEART SPIRAL,Decor,512.0,1205.86
84884a,ANT WHITE WIRE HEART SPIRAL,Decor,38.0,317.71999999999997
84898F,YELLOW FLOWERS FELT HANDBAG KIT,Accessories,46.0,98.63
84912A,PINK ROSE WASHBAG,Accessories,156.0,560.62
84912B,GREEN ROSE WASHBAG,Accessories,322.0,1129.1
84922,PINK BUTTERFLY WASHBAG,Accessories,9.0,42.29
84923,PINK BUTTERFLY HANDBAG W BOBBLES,Accessories,162.0,671.62
84944,SET OF 6 KASHMIR FOLKART BAUBLES,Decor,1010.0,1215.96
84946,ANTIQUE SILVER TEA GLASS ETCHED,Kitchen,6527.0,6485.51
84947,ANTIQUE SILVER TEA GLASS ENGRAVED,Kitchen,9411.0,10268.06
84951A,SET OF 4 PISTACHIO LOVEBIRD COASTER,Decor,499.0,571.97
84951B,SET OF 4 BLACK LOVEBIRD COASTERS,Decor,491.0,554.78
84968A,SET OF 16 VINTAGE ROSE CUTLERY,Decor,277.0,3266.7999999999997
84968B,SET OF 16 VINTAGE IVORY CUTLERY,Decor,2.0,25.5
84968C,SET OF 16 VINTAGE PISTACHIO CUTLERY,Decor,321.0,3636.99
84968D,SET OF 16 VINTAGE RED CUTLERY,Decor,158.0,1674.22
84968E,SET OF 16 VINTAGE BLACK CUTLERY,Decor,134.0,1522.53
84968F,SET OF 16 VINTAGE SKY BLUE CUTLERY,Decor,177.0,1905.68
84968a,SET OF 16 VINTAGE ROSE CUTLERY,Decor,5.0,125.32999999999998
84968d,SET OF 16 VINTAGE RED CUTLERY,Decor,3.0,74.88
84968e,SET OF 16 VINTAGE BLACK CUTLERY,Decor,8.0,200.21
84968f,SET OF 16 VINTAGE SKY BLUE CUTLERY,Decor,1.0,25.49
84969,BOX OF 6 ASSORTED COLOUR TEASPOONS,Kitchen,561.0,2398.02
84970L,SINGLE HEART ZINC T-LIGHT HOLDER,Decor,6941.0,6358.72
84970S,HANGING HEART ZINC T-LIGHT HOLDER,Decor,9641.0,7619.509999999999
84970l,SINGLE HEART ZINC T-LIGHT HOLDER,Decor,338.0,418.98
84970s,HANGING HEART ZINC T-LIGHT HOLDER,Decor,238.0,496.49
84971S,SMALL HEART FLOWERS HOOK,Decor,1850.0,1480.1
84971l,LARGE HEART FLOWERS HOOK,Decor,2.0,4.92
84974,S/2 ZINC HEART DESIGN PLANTERS,Decor,39.0,388.04999999999995
84975,HEART SHAPED MIRROR,Decor,5.0,8.45
84978,HANGING HEART JAR T-LIGHT HOLDER,Decor,17288.0,16600.37
84985A,SET OF 72 GREEN PAPER DOILIES,Decor,46.0,66.7
84987,SET OF 36 TEATIME PAPER DOILIES,Decor,2734.0,4458.12
84988,SET OF 72 PINK HEART PAPER DOILIES,Decor,4336.0,6637.9
84989A,75 GREEN FAIRY CAKE CASES,Kitchen,27.0,14.85
84989a,75 GREEN FAIRY CAKE CASES,Kitchen,42.0,87.51
84990,60 GOLD AND SILVER FAIRY CAKE CASES,Kitchen,2.0,1.1
84991,60 TEATIME FAIRY CAKE CASES,Kitchen,14550.0,9211.77
84992,72 SWEETHEART FAIRY CAKE CASES,Decor,10029.0,6542.12
84997A,GREEN 3 PIECE POLKADOT CUTLERY SET,Decor,805.0,3069.46
84997B,RED 3 PIECE RETROSPOT CUTLERY SET,Decor,1700.0,5834.110000000001
84997C,BLUE 3 PIECE POLKADOT CUTLERY SET,Decor,1129.0,4329.67
84997D,PINK 3 PIECE POLKADOT CUTLERY SET,Decor,1394.0,5311.71
84997a,GREEN 3 PIECE POLKADOT CUTLERY SET,Decor,5.0,41.449999999999996
84997b,RED 3 PIECE RETROSPOT CUTLERY SET,Decor,91.0,765.5500000000001
84997c,BLUE 3 PIECE POLKADOT CUTLERY SET,Decor,19.0,158.23000000000002
84997d,PINK 3 PIECE POLKADOT CUTLERY SET,Decor,34.0,285.46
85006,SET 4 NURSERY DES ROUND BOXES,Decor,55.0,57.25
85008,SET OF 3 CONEY ISLAND OVAL BOXES,Decor,13.0,66.12
85015,SET OF 12  VINTAGE POSTCARD SET,Decor,2144.0,1718.54
85016,SET OF 6 VINTAGE NOTELETS KIT,Decor,527.0,560.11
85019A,ROMANTIC IMAGES NOTEBOOK SET,Decor,466.0,564.35
85019B,BLOSSOM  IMAGES NOTEBOOK SET,Decor,614.0,680.47
85019C,CURIOUS  IMAGES NOTEBOOK SET,Decor,298.0,321.72
85020,ROUND PINK HEART MIRROR,Decor,85.0,188.81
85025B,EAU DE NILE HEART SHAPE PHOTO FRAME,Decor,286.0,556.77
85025C,PINK HEART SHAPE PHOTO FRAME,Decor,271.0,522.56
85027L,FRENCH CHATEAU LARGE PLATTER,Kitchen,75.0,170.25
85028L,FRENCH CHATEAU LARGE FRUIT BOWL,Kitchen,10.0,19.5
85028S,FRENCH CHATEAU SMALL FRUITBOWL,Kitchen,24.0,51.599999999999994
85030,FRENCH CHATEAU OVAL PLATTER,Kitchen,15.0,29.25
85031A,ROMANTIC IMAGES SCRAP BOOK SET,Decor,16.0,45.9
85031B,BLOSSOM IMAGES SCRAP BOOK SET,Decor,1.0,4.95
85031C,CURIOUS IMAGES SCRAP BOOK SET,Decor,3.0,14.85
85032A,ROMANTIC IMAGES GIFT WRAP SET,Decor,933.0,776.49
85032B,BLOSSOM IMAGES GIFT WRAP SET,Decor,918.0,739.99
85032C,CURIOUS IMAGES GIFT WRAP SET,Decor,839.0,726.34
85032D,YULETIDE IMAGES GIFT WRAP SET,Decor,931.0,569.14
85038,6 CHOCOLATE LOVE HEART T-LIGHTS,Decor,1251.0,2171.26
85039A,SET/4 RED MINI ROSE CANDLE IN BOWL,Decor,865.0,1012.27
85039a,SET/4 RED MINI ROSE CANDLE IN BOWL,Decor,40.0,131.81
85040B,SET/4 BLUE FLOWER CANDLES IN BOWL,Decor,141.0,236.07
85045,GREEN CHRISTMAS TREE STRING 20LIGHT,Decor,46.0,210.9
85048,15CM CHRISTMAS GLASS BALL 20 LIGHTS,Decor,1528.0,11218.560000000001
85049A,TRADITIONAL CHRISTMAS RIBBONS,Decor,2996.0,3856.11
85049a,TRADITIONAL CHRISTMAS RIBBONS,Decor,324.0,812.84
85061W,WHITE JEWELLED HEART DECORATION,Decor,2313.0,1888.1
85063,CREAM SWEETHEART MAGAZINE RACK,Decor,3.0,46.849999999999994
85064,CREAM SWEETHEART LETTER RACK,Decor,158.0,985.55
85065,CREAM SWEETHEART TRAYS,Decor,1.0,12.75
85066,CREAM SWEETHEART MINI CHEST,Decor,2009.0,22808.85
85067,CREAM SWEETHEART WALL CABINET,Decor,7.0,126.65
85068,CREAM SWEETHEART SHELF + HOOKS,Decor,1.0,7.95
85078,SCANDINAVIAN 3 HEARTS NAPKIN RING,Decor,2140.0,692.24
85084,HOLLY TOP CHRISTMAS STOCKING,Decor,20.0,17.0
85086A,CANDY SPOT HEART DECORATION,Decor,146.0,122.08
85088,CANDY SPOT HAND BAG,Accessories,377.0,539.03
85092,CANDY SPOT TEA COSY,Kitchen,27.0,40.05
85099B,JUMBO BAG RED RETROSPOT,Accessories,44039.0,95683.13
85099C,JUMBO  BAG BAROQUE BLACK WHITE,Accessories,13812.0,28159.02
85099F,JUMBO BAG STRAWBERRY,Accessories,14575.0,32862.18
85099f,JUMBO BAG STRAWBERRY,Accessories,46.0,232.05999999999997
85103,SILVER T-LIGHT SETTING,Decor,369.0,1144.44
85104,SILVER GLASS T-LIGHT SET,Decor,160.0,534.6
85118,HEART T-LIGHT HOLDER,Decor,275.0,160.76999999999998
85123A,CREAM HANGING HEART T-LIGHT HOLDER,Decor,129.0,178.51000000000002
85123A,WHITE HANGING HEART T-LIGHT HOLDER,Decor,46886.0,110589.94
85123a,WHITE HANGING HEART T-LIGHT HOLDER,Decor,480.0,1952.48
85129B,BEADED CRYSTAL HEART GREEN SMALL,Decor,119.0,168.59
85129C,BEADED CRYSTAL HEART BLUE SMALL,Decor,80.0,107.31
85129D,BEADED CRYSTAL HEART PINK SMALL,Decor,207.0,342.74
85130A,BEADED PEARL HEART WHITE LARGE,Decor,77.0,127.05
85130B,BEADED CRYSTAL HEART GREEN LARGE,Decor,966.0,760.4300000000001
85130C,BEADED CRYSTAL HEART BLUE  LARGE,Decor,534.0,437.22
85130D,BEADED CRYSTAL HEART PINK LARGE,Decor,645.0,569.29
85131A,BEADED PEARL HEART WHITE ON STICK,Decor,1077.0,912.75
85131B,BEADED CRYSTAL HEART GREEN ON STICK,Decor,824.0,521.11
85131C,BEADED CRYSTAL HEART BLUE ON STICK,Decor,193.0,178.85
85131D,BEADED CRYSTAL HEART PINK ON STICK,Decor,923.0,725.26
85159A,"BLACK TEA,COFFEE,SUGAR JARS",Kitchen,493.0,865.75
85159B,"WHITE TEA,COFFEE,SUGAR JARS",Kitchen,712.0,1221.04
85170A,SET/6 IVORY BIRD T-LIGHT CANDLES,Decor,1.0,2.1
85170B,SET/6 BLACK BIRD T-LIGHT CANDLES,Decor,244.0,318.85
85170C,SET/6 EAU DE NIL BIRD T-LIGHTS,Decor,363.0,608.53
85170D,SET/6 PINK BIRD T-LIGHT CANDLES,Decor,484.0,804.99
85173,SET/6 FROG PRINCE T-LIGHT CANDLES,Decor,640.0,807.77
85176,SEWING SUSAN 21 NEEDLE SET,Decor,1001.0,881.3199999999999
85180A,RED HEARTS LIGHT CHAIN,Decor,547.0,1061.26
85180B,PINK HEARTS LIGHT CHAIN,Decor,310.0,582.55
85184C,S/4 VALENTINE DECOUPAGE HEART BOX,Decor,1679.0,2440.09
85184C,SET 4 VALENTINE DECOUPAGE HEART BOX,Decor,169.0,545.75
85184c,SET 4 VALENTINE DECOUPAGE HEART BOX,Decor,2.0,11.58
85195,HANGING HEART BASKET,Decor,11.0,23.1
85197,SET OF 12 MINI BUNNIES IN A BUCKET,Decor,34.0,71.4
85202,HANGING WOOD AND FELT HEART,Decor,717.0,313.13
85208,SET/12 FUNKY FELT FLOWER PEG IN BAG,Decor,227.0,416.91
85212,MINI PAINTED GARDEN DECORATION,Decor,2331.0,736.67
85213,MINI  ZINC GARDEN DECORATIONS,Decor,490.0,327.91999999999996
85216,ASSORTED CAKES FRIDGE MAGNETS,Kitchen,55.0,35.75
85227,SET OF 6 3D KIT CARDS FOR KIDS,Decor,1427.0,1350.8999999999999
85231B,CINAMMON SET OF 9 T-LIGHTS,Decor,1026.0,786.93
85231G,ORANGE SCENTED SET/9 T-LIGHTS,Decor,678.0,509.77
85231b,CINAMMON SET OF 9 T-LIGHTS,Decor,3.0,4.92
85231g,ORANGE SCENTED SET/9 T-LIGHTS,Decor,6.0,9.78
85232A,SET/3 POLKADOT STACKING TINS,Decor,81.0,404.4
85232B,SET OF 3 BABUSHKA STACKING TINS,Decor,249.0,2614.35
85232D,SET/3 DECOUPAGE STACKING TINS,Decor,196.0,1007.37
90003B,ROSE COLOUR PAIR HEART HAIR SLIDES,Decor,19.0,71.31
90003C,MIDNIGHT BLUE PAIR HEART HAIR SLIDE,Decor,36.0,134.84
90003D,CRYSTAL PAIR HEART HAIR SLIDES,Decor,34.0,127.26
90003E,GREEN PAIR HEART HAIR SLIDES,Decor,27.0,101.11
90032,IVORY SHELL HEART NECKLACE,Decor,21.0,103.13
90033,IVORY SHELL HEART EARRINGS,Decor,10.0,25.07
90043,COPPER AND BRASS BAG CHARM,Accessories,4.0,24.810000000000002
90046,WHITE WITH METAL BAG CHARM,Accessories,3.0,14.85
90048,GREEN WITH METAL BAG CHARM,Accessories,3.0,14.85
90049,IVORY GOLD METAL BAG CHARM,Accessories,5.0,34.77
90094,NECKLACE+BRACELET SET FRUIT SALAD,Decor,14.0,35.699999999999996
90096,NECKLACE+BRACELET SET BLUE BLOSSOM,Decor,45.0,112.21
90099,NECKLACE+BRACELET SET BLUE HIBISCUS,Decor,27.0,76.38
90100,NECKLACE+BRACELET SET PINK DAISY,Decor,1.0,2.55
90114,SUMMER DAISIES BAG CHARM,Accessories,225.0,417.96
90115,SUMMER BUTTERFLIES BAG CHARM,Accessories,54.0,134.53
90116,FRUIT SALAD BAG CHARM,Accessories,64.0,145.52
90118,PINK DAISY BAG CHARM,Accessories,36.0,89.94
90119,METALIC LEAVES BAG CHARMS,Accessories,83.0,205.06
90123A,PINK HEART OF GLASS BRACELET,Decor,15.0,89.12
90123B,TURQUOISE HEART OF GLASS BRACELET,Decor,9.0,53.42
90123C,GREEN HEART OF GLASS BRACELET,Decor,14.0,83.29
90123D,WHITE HEART OF GLASS BRACELET,Decor,6.0,35.31
90125A,PINK BERTIE GLASS BEAD BAG CHARM,Accessories,167.0,106.24
90125B,AQUA BERTIE GLASS BEAD BAG CHARM,Accessories,30.0,48.06
90125D,PURPLE BERTIE GLASS BEAD BAG CHARM,Accessories,147.0,110.03
90125E,AMBER BERTIE GLASS BEAD BAG CHARM,Accessories,11.0,21.05
90129A,PINK GLASS TASSLE BAG CHARM,Accessories,45.0,82.98
90129B,TURQUOISE GLASS TASSLE BAG CHARM,Accessories,57.0,121.38
90129C,GREEN GLASS TASSLE BAG CHARM,Accessories,35.0,79.76
90129D,AMBER GLASS TASSLE BAG CHARM,Accessories,14.0,33.440000000000005
90129E,PURPLE GLASS TASSLE BAG CHARM,Accessories,42.0,77.03999999999999
90129F,RED GLASS TASSLE BAG CHARM,Accessories,40.0,88.03
90132,LIGHT TOPAZ TEAL/AQUA COL NECKLACE,Kitchen,3.0,15.16
90133,TEAL/FUSCHIA COL BEAD NECKLACE,Kitchen,19.0,94.43
90167,BEADED LOVE HEART JEWELLERY SET,Decor,10.0,8.5
90197B,BLACK GLASS BRACELET W HEART CHARMS,Decor,35.0,174.73000000000002
90200A,PURPLE SWEETHEART BRACELET,Decor,78.0,328.44
90200B,BLACK SWEETHEART BRACELET,Decor,94.0,397.08
90200C,BLUE SWEETHEART BRACELET,Decor,50.0,211.43
90200D,PINK SWEETHEART BRACELET,Decor,175.0,725.32
90200E,GREEN SWEETHEART BRACELET,Decor,103.0,423.41
DCGS0004,HAYNES CAMPER SHOULDER BAG,Accessories,1.0,16.63
DCGSSBOY,BOYS PARTY BAG,Accessories,47.0,150.54999999999998
DCGSSGIRL,GIRLS PARTY BAG,Accessories,47.0,144.43
